# Blender 4.5.10 LTS
# www.blender.org
mtllib forearm.mtl
o BODY_forearm
v -2.584807 1.101994 -0.010412
v -2.573803 1.105712 0.036638
v -2.573881 1.133996 -0.019984
v -2.558934 1.135900 0.031228
v -2.561724 1.166836 -0.028260
v -2.544878 1.167625 0.029553
v -2.586236 1.074404 0.048885
v -2.602310 1.068940 -0.001878
v -2.612198 1.052964 0.002253
v -2.592685 1.057930 0.053874
v -2.628286 1.020398 0.010970
v -2.604571 1.023823 0.058193
v -2.638602 0.988195 0.021347
v -2.615381 0.991344 0.062623
v -2.598534 1.040892 0.056634
v -2.620971 1.036894 0.006805
v -2.580141 1.090288 0.042374
v -2.551796 1.151501 0.030745
v -2.641982 0.972598 0.026096
v -2.634105 1.003811 0.015544
v -2.592606 1.085514 -0.005858
v -2.568691 1.150185 -0.024350
v -2.579184 1.118041 -0.015137
v -2.566629 1.120784 0.032762
v -2.610055 1.007192 0.060255
v -2.620809 0.976626 0.065171
v -2.513859 1.132815 -0.055283
v -2.522750 1.119447 -0.053235
v -2.532672 1.106813 -0.050789
v -2.542264 1.093605 -0.049830
v -2.553567 1.080686 -0.049972
v -2.563717 1.064878 -0.046823
v -2.572037 1.046500 -0.041427
v -2.579707 1.027861 -0.036138
v -2.587816 1.010565 -0.030462
v -2.596048 0.994466 -0.024559
v -2.603702 0.979392 -0.018163
v -2.611222 0.965811 -0.011316
v -2.617389 0.952644 -0.004329
v -2.578665 0.950773 0.039947
v -2.570274 0.963624 0.036146
v -2.561537 0.977427 0.033025
v -2.553444 0.992830 0.030100
v -2.546347 1.009243 0.026118
v -2.541312 1.026131 0.021408
v -2.536458 1.042211 0.016279
v -2.531011 1.057793 0.013021
v -2.525166 1.072993 0.011825
v -2.518219 1.087259 0.012393
v -2.509308 1.100206 0.014659
v -2.498857 1.112716 0.018670
v -2.489301 1.126369 0.021790
v -2.436719 1.235786 0.011912
v -2.542137 1.085182 0.025816
v -2.533641 1.078851 0.020251
v -2.519836 1.068357 -0.001732
v -2.519780 1.066048 -0.018433
v -2.527725 1.067699 -0.033706
v -2.540060 1.072754 -0.043852
v -2.574773 1.097053 -0.040579
v -2.565571 1.090353 -0.049456
v -2.581838 1.099841 -0.026495
v -2.590631 1.106564 0.002582
v -2.590925 1.109436 0.015177
v -2.580915 1.108307 0.032321
v -2.557556 1.096595 0.035147
v -2.549881 1.091142 0.030610
v -2.524281 1.111580 0.032492
v -2.515561 1.104702 0.026109
v -2.506188 1.097562 0.000738
v -2.506642 1.096511 -0.015163
v -2.511156 1.097031 -0.031474
v -2.520494 1.100420 -0.044338
v -2.558476 1.122409 -0.045980
v -2.545646 1.114375 -0.051670
v -2.568812 1.129326 -0.034747
v -2.575434 1.137599 -0.006029
v -2.574772 1.139879 0.006135
v -2.565784 1.138965 0.025259
v -2.542384 1.125404 0.036884
v -2.533250 1.118856 0.035358
v -2.505610 1.139119 0.043312
v -2.495664 1.131427 0.035689
v -2.487699 1.123829 0.005033
v -2.489401 1.122952 -0.012798
v -2.493203 1.123216 -0.030327
v -2.501252 1.126162 -0.045703
v -2.528425 1.141856 -0.056725
v -2.543057 1.151431 -0.052239
v -2.554755 1.160122 -0.042013
v -2.565024 1.171548 -0.013924
v -2.563745 1.173745 -0.000593
v -2.552639 1.171445 0.020968
v -2.526850 1.155456 0.042580
v -2.516382 1.147517 0.044971
v -2.595685 1.077228 0.044014
v -2.566995 1.065558 0.046764
v -2.558690 1.060133 0.041493
v -2.551262 1.054566 0.034782
v -2.543903 1.048689 0.026756
v -2.532096 1.036361 0.001818
v -2.532893 1.032415 -0.015832
v -2.542537 1.033302 -0.031379
v -2.557115 1.038760 -0.040016
v -2.596215 1.060800 -0.029931
v -2.585355 1.054167 -0.037794
v -2.601068 1.065470 -0.016668
v -2.606009 1.073639 0.011054
v -2.606560 1.077086 0.023796
v -2.614518 1.057298 0.014797
v -2.614095 1.060410 0.027340
v -2.609513 1.048517 -0.010687
v -2.593153 1.035500 -0.031483
v -2.603547 1.042708 -0.022422
v -2.564938 1.020814 -0.035691
v -2.550478 1.016233 -0.027485
v -2.539647 1.015477 -0.012128
v -2.537191 1.019580 0.006199
v -2.555728 1.038479 0.040533
v -2.548425 1.032742 0.032305
v -2.572019 1.049294 0.052376
v -2.563281 1.043953 0.047357
v -2.602629 1.060654 0.048442
v -2.629312 1.024272 0.023375
v -2.626778 1.026536 0.035175
v -2.624624 1.015455 -0.000712
v -2.607561 1.002059 -0.018790
v -2.617294 1.009197 -0.010436
v -2.581506 0.987588 -0.023791
v -2.566707 0.983185 -0.015925
v -2.555045 0.982773 -0.001647
v -2.550855 0.986646 0.015629
v -2.566280 1.005516 0.049522
v -2.558943 0.999278 0.041230
v -2.584335 1.016273 0.059716
v -2.574679 1.011230 0.055919
v -2.613713 1.026042 0.053248
v -2.638545 0.991250 0.032477
v -2.635467 0.993054 0.042848
v -2.635241 0.983825 0.010559
v -2.621144 0.972473 -0.006625
v -2.628989 0.978567 0.001224
v -2.598491 0.959446 -0.010693
v -2.585005 0.955354 -0.003496
v -2.574054 0.954750 0.008953
v -2.568941 0.957959 0.023686
v -2.581429 0.975179 0.054029
v -2.574955 0.969527 0.046161
v -2.597600 0.984972 0.063586
v -2.589022 0.980441 0.060028
v -2.623715 0.993203 0.058813
v -2.467335 1.267693 0.056147
v -2.445480 1.220081 -0.052872
v -2.443970 1.215863 -0.034919
v -2.439598 1.218538 -0.018623
v -2.437171 1.225777 -0.002944
v -2.439871 1.238851 0.029923
v -2.452072 1.244599 0.046840
v -2.577706 0.945381 0.027721
v -2.583033 0.942656 0.013823
v -2.559669 0.971551 0.019618
v -2.564407 0.968018 0.003794
v -2.543091 1.002695 0.010671
v -2.546943 0.998704 -0.007243
v -2.525851 1.052527 -0.000770
v -2.525770 1.049213 -0.017771
v -2.514340 1.083735 -0.001151
v -2.514119 1.082003 -0.016740
v -2.497990 1.109901 -0.014002
v -2.496651 1.110441 0.003042
v -2.604530 0.970850 0.065153
v -2.590880 1.000151 0.062060
v -2.577972 1.032776 0.056716
v -2.562610 1.081413 0.040317
v -2.550423 1.111245 0.034165
v -2.534613 1.140058 0.040407
v -2.605798 0.946839 -0.004091
v -2.590044 0.972757 -0.017336
v -2.573126 1.003603 -0.030135
v -2.548579 1.056218 -0.042894
v -2.530028 1.086848 -0.043684
v -2.510225 1.112958 -0.045121
v -2.641895 0.975485 0.036393
v -2.639031 0.977224 0.046099
v -2.634633 1.007451 0.027541
v -2.631747 1.009545 0.038873
v -2.622508 1.040918 0.019021
v -2.620879 1.043519 0.031165
v -2.598410 1.090330 0.007258
v -2.598965 1.093686 0.019879
v -2.582361 1.121905 -0.001717
v -2.582444 1.124450 0.010459
v -2.570752 1.154353 -0.010036
v -2.568906 1.156366 0.002612
v -2.638747 0.968563 0.016125
v -2.630256 0.998986 0.004290
v -2.617813 1.032091 -0.005443
v -2.592192 1.083289 -0.022621
v -2.575565 1.114556 -0.030545
v -2.561823 1.144176 -0.038187
v -2.626410 0.958504 0.000011
v -2.633218 0.963890 0.007366
v -2.614464 0.986611 -0.013167
v -2.623365 0.993230 -0.005148
v -2.600210 1.018183 -0.025003
v -2.610624 1.025555 -0.016097
v -2.586565 1.080035 -0.036991
v -2.576727 1.073922 -0.044702
v -2.565965 1.109228 -0.042682
v -2.554647 1.101859 -0.050412
v -2.550944 1.136504 -0.049478
v -2.536916 1.127688 -0.054385
v -2.608261 1.043368 0.051309
v -2.568776 1.027606 0.052168
v -2.560632 1.022051 0.045532
v -2.553009 1.016006 0.037302
v -2.558415 0.999320 -0.021975
v -2.575708 0.968449 -0.009695
v -2.519648 1.082778 -0.032427
v -2.588286 1.093000 0.038079
v -2.593315 0.943152 0.002569
v -2.514831 1.124820 0.038820
v -2.505328 1.117421 0.031580
v -2.558897 1.154829 0.023167
v -2.581428 0.995249 0.058582
v -2.524856 1.132691 0.041269
v -2.502311 1.110484 -0.030607
v -2.534574 1.050615 -0.033145
v -2.589484 0.961898 0.056660
v -2.583326 0.956610 0.049412
v -2.547654 1.070232 0.029148
v -2.539470 1.064008 0.022274
v -2.573404 1.123577 0.028147
v -2.573258 0.989659 0.052181
v -2.566442 0.983612 0.043733
v -2.596764 0.966700 0.061817
v -2.555033 1.076026 0.035162
v -2.618913 1.009231 0.055737
v -2.628209 0.977894 0.060984
v -2.534009 1.099176 0.026752
v -2.525896 1.092827 0.021290
v -2.542100 1.105405 0.031003
v -2.506243 1.306302 0.030108
v -2.502427 1.312415 -0.034755
v -2.443743 1.236956 -0.073476
v -2.484982 1.284093 0.052719
v -2.509589 1.312543 0.014090
v -2.507034 1.315448 -0.018526
v -2.487384 1.295489 -0.069593
v -2.456370 1.262453 -0.077493
v -2.473800 1.279826 -0.080919
v -2.456732 1.268840 0.061597
v -2.424320 1.220189 -0.082152
v -2.437928 1.206008 -0.060344
v -2.442210 1.205106 -0.036952
v -2.438052 1.209732 -0.018117
v -2.434234 1.221351 -0.000260
v -2.432431 1.236327 0.015629
v -2.434487 1.242921 0.033120
v -2.443904 1.255787 0.052478
v -2.489804 1.334174 -0.035838
v -2.495791 1.329100 0.032011
v -2.431534 1.265081 -0.097789
v -2.478631 1.307327 0.058396
v -2.494576 1.337188 -0.019128
v -2.473509 1.318294 -0.071047
v -2.445487 1.285042 -0.090353
v -2.498816 1.335191 0.014878
v -2.460906 1.303355 -0.084367
v -2.456092 1.284753 0.069394
v -2.446229 1.273561 0.071310
v -2.426746 1.383566 0.026178
v -2.419652 1.387953 -0.030226
v -2.421436 1.370143 0.053930
v -2.423724 1.388340 -0.016761
v -2.427591 1.387466 0.010777
v -2.445817 1.377585 0.030328
v -2.435808 1.375792 -0.032605
v -2.454746 1.365267 -0.035145
v -2.473514 1.352088 -0.036317
v -2.465577 1.367841 0.033571
v -2.482757 1.350332 0.033902
v -2.413081 1.292969 -0.099036
v -2.428421 1.216600 0.025313
v -2.422699 1.199747 0.040191
v -2.423730 1.138491 -0.031834
v -2.415982 1.118337 -0.028987
v -2.428434 1.148950 -0.001137
v -2.422856 1.129414 0.001861
v -2.418341 1.140886 0.031999
v -2.420702 1.166013 0.034673
v -2.417312 1.107257 0.001657
v -2.467472 1.329466 0.061180
v -2.466982 1.294623 0.065785
v -2.452717 1.348074 0.061712
v -2.437227 1.361925 0.059873
v -2.478941 1.355243 -0.019717
v -2.460634 1.368910 -0.019573
v -2.441270 1.378680 -0.018067
v -2.457108 1.338166 -0.070212
v -2.438277 1.353778 -0.065667
v -2.420206 1.366751 -0.060023
v -2.429387 1.308777 -0.091796
v -2.413096 1.330253 -0.089199
v -2.432159 1.350018 0.067860
v -2.447273 1.381702 0.013237
v -2.446182 1.335085 0.069707
v -2.458477 1.316828 0.069147
v -2.468108 1.372752 0.015153
v -2.485581 1.356060 0.015600
v -2.427329 1.343747 -0.080012
v -2.444884 1.325066 -0.084141
v -2.449392 1.305143 0.074085
v -2.438675 1.323380 0.075023
v -2.426096 1.339082 0.072831
v -2.422905 1.272129 0.092963
v -2.428412 1.252458 0.087547
v -2.428537 1.234823 0.076714
v -2.422838 1.218271 0.060134
v -2.427716 1.181340 0.017251
v -2.432923 1.166635 -0.008821
v -2.429876 1.158532 -0.036154
v -2.415205 1.157822 -0.062740
v -2.420371 1.224186 0.093340
v -2.422148 1.302221 0.085884
v -2.432162 1.282460 0.083992
v -2.436613 1.263621 0.075506
v -2.434195 1.246086 0.061866
v -2.428383 1.231659 0.043651
v -2.432331 1.199688 0.006193
v -2.436718 1.186228 -0.015761
v -2.436576 1.181580 -0.039284
v -2.425341 1.182476 -0.065274
v -2.440877 1.293507 0.078417
v -2.430753 1.312456 0.079722
v -2.447809 1.361021 -0.050742
v -2.495879 1.305966 -0.052221
v -2.466497 1.346847 -0.053346
v -2.429048 1.372183 -0.046716
v -2.482840 1.328010 -0.053506
v -2.558092 1.191896 -0.004462
v -2.551575 1.210665 -0.008539
v -2.542887 1.229816 -0.012359
v -2.531445 1.248524 -0.016071
v -2.521275 1.268951 -0.018086
v -2.514861 1.291817 -0.018669
v -2.546527 1.189078 0.018163
v -2.539432 1.206921 0.015174
v -2.531210 1.225145 0.011680
v -2.523441 1.244219 0.009648
v -2.519777 1.265671 0.010646
v -2.516609 1.288623 0.012856
v -2.512360 1.282318 0.027494
v -2.514704 1.260070 0.023033
v -2.516577 1.239066 0.019625
v -2.522989 1.219854 0.020837
v -2.530835 1.202014 0.024355
v -2.538185 1.184757 0.027170
v -2.519349 1.172001 0.042398
v -2.511510 1.188504 0.041054
v -2.504027 1.205373 0.039231
v -2.497589 1.223162 0.038555
v -2.492210 1.241878 0.039876
v -2.488397 1.262441 0.044525
v -2.508440 1.163615 0.046211
v -2.499983 1.179415 0.046057
v -2.492171 1.195472 0.045689
v -2.484863 1.212017 0.045814
v -2.478525 1.229461 0.046489
v -2.473054 1.247873 0.046947
v -2.497215 1.154715 0.045767
v -2.488322 1.169902 0.046132
v -2.479715 1.185024 0.046029
v -2.471314 1.199927 0.046070
v -2.464057 1.215328 0.046195
v -2.458004 1.230764 0.046365
v -2.486865 1.146352 0.038297
v -2.478157 1.161059 0.038691
v -2.469612 1.175447 0.037691
v -2.461347 1.189328 0.036494
v -2.453838 1.203096 0.035220
v -2.446906 1.219490 0.032549
v -2.480944 1.140700 0.023247
v -2.473249 1.154918 0.023446
v -2.465744 1.168804 0.022164
v -2.458463 1.182235 0.019966
v -2.451872 1.195550 0.017193
v -2.444082 1.216396 0.013813
v -2.480164 1.137900 0.005335
v -2.473118 1.151854 0.005026
v -2.466511 1.165494 0.003620
v -2.459432 1.178135 0.001266
v -2.451921 1.190875 -0.001433
v -2.443319 1.211486 -0.002906
v -2.443428 1.208695 -0.019031
v -2.451386 1.187886 -0.019748
v -2.459395 1.174570 -0.017714
v -2.467721 1.162881 -0.015414
v -2.474916 1.150099 -0.013624
v -2.481811 1.136494 -0.012893
v -2.484963 1.136161 -0.031073
v -2.477138 1.149037 -0.032638
v -2.468096 1.160658 -0.035304
v -2.458811 1.172659 -0.037583
v -2.451448 1.189032 -0.038418
v -2.445975 1.208975 -0.035582
v -2.493164 1.139338 -0.047020
v -2.483968 1.151714 -0.050148
v -2.473930 1.164084 -0.053895
v -2.464576 1.177755 -0.056643
v -2.456476 1.194188 -0.057396
v -2.450128 1.212806 -0.054128
v -2.505353 1.146437 -0.057962
v -2.495879 1.159508 -0.062160
v -2.486252 1.173728 -0.066230
v -2.476880 1.188849 -0.069855
v -2.467165 1.204788 -0.072032
v -2.456380 1.222208 -0.069982
v -2.519987 1.156403 -0.060754
v -2.511073 1.171120 -0.065201
v -2.502071 1.186613 -0.070113
v -2.492565 1.203147 -0.074970
v -2.481988 1.220642 -0.078815
v -2.469523 1.239559 -0.078498
v -2.485934 1.257676 -0.077858
v -2.497954 1.237402 -0.075278
v -2.508518 1.218186 -0.071136
v -2.517455 1.200174 -0.065022
v -2.525868 1.183320 -0.059718
v -2.534535 1.167130 -0.055688
v -2.546416 1.176709 -0.045594
v -2.537806 1.193773 -0.049247
v -2.530543 1.211920 -0.055287
v -2.521165 1.231445 -0.060199
v -2.510324 1.251565 -0.063529
v -2.498704 1.272756 -0.066433
v -2.553560 1.183901 -0.031869
v -2.547117 1.202088 -0.036734
v -2.539946 1.221487 -0.042162
v -2.528853 1.240988 -0.045590
v -2.517111 1.261163 -0.047889
v -2.506200 1.282962 -0.050136
v -2.511025 1.288855 -0.033686
v -2.520250 1.266506 -0.032434
v -2.531931 1.246513 -0.030401
v -2.543721 1.227490 -0.026917
v -2.552173 1.208058 -0.022661
v -2.558441 1.189255 -0.018056
v -2.571249 1.086242 0.042981
v -2.621494 1.027136 0.045583
v -2.551055 1.131317 0.035113
v -2.610243 1.061726 0.039182
v -2.606593 0.988606 0.064200
v -2.536191 1.162218 0.036812
v -2.465585 1.372296 -0.003047
v -2.497621 1.296519 0.043295
v -2.488534 1.319469 0.046877
v -2.445307 1.381253 -0.002949
v -2.582052 1.054030 0.054842
v -2.426368 1.388236 -0.003287
v -2.579180 1.124958 0.020633
v -2.559118 1.173577 0.010848
v -2.509149 1.315302 -0.002456
v -2.558881 1.116663 0.035348
v -2.483529 1.357174 -0.002648
v -2.603236 1.078420 0.035307
v -2.626412 1.010122 0.048606
v -2.571392 1.140384 0.016733
v -2.616038 1.044423 0.042517
v -2.497951 1.337585 -0.002389
v -2.595214 1.094397 0.030406
v -2.564763 1.156460 0.013659
v -2.612707 0.974196 0.066379
v -2.475380 1.341050 0.049017
v -2.634311 0.978057 0.054458
v -2.587228 1.109838 0.025237
v -2.442118 1.372084 0.046996
v -2.424622 1.378148 0.041228
v -2.588081 1.037287 0.058238
v -2.630657 0.993802 0.052130
v -2.576369 1.070377 0.049558
v -2.600601 1.004182 0.062276
v -2.459143 1.359799 0.049792
v -2.565766 1.101558 0.037378
v -2.594572 1.020564 0.060293
v -2.543578 1.146480 0.036514
v -2.529099 1.179033 0.035126
v -2.521517 1.195856 0.032635
v -2.513805 1.213262 0.029438
v -2.507525 1.232061 0.028451
v -2.504696 1.252043 0.032354
v -2.502464 1.273360 0.038550
v -2.553647 1.191732 0.007539
v -2.546945 1.210203 0.004224
v -2.538344 1.228854 0.000631
v -2.528560 1.247663 -0.002538
v -2.521060 1.268725 -0.003671
v -2.516659 1.291723 -0.003132
v -2.692340 0.723369 0.059889
v -2.693296 0.723358 0.061627
v -2.693686 0.726448 0.061963
v -2.692243 0.726198 0.059767
v -2.692397 0.729404 0.060408
v -2.693228 0.730014 0.062727
v -2.692645 0.729409 0.065130
v -2.693312 0.726553 0.064887
v -2.693756 0.724097 0.063691
v -2.696128 0.722105 0.110936
v -2.695720 0.720352 0.108421
v -2.695614 0.716646 0.109772
v -2.695864 0.718157 0.112992
v -2.694997 0.715085 0.115368
v -2.695499 0.713947 0.112621
v -2.694827 0.722633 0.113749
v -2.693793 0.719415 0.115773
v -2.693190 0.716985 0.116759
v -2.700613 0.728929 0.143928
v -2.701467 0.727365 0.141653
v -2.701385 0.724523 0.143450
v -2.700184 0.725452 0.146197
v -2.699560 0.722410 0.147824
v -2.701114 0.722189 0.145466
v -2.698076 0.729369 0.146494
v -2.697435 0.725756 0.148301
v -2.697578 0.722938 0.149181
v -2.687227 0.744032 0.168944
v -2.687467 0.742846 0.165958
v -2.687777 0.745012 0.164192
v -2.687890 0.746636 0.167786
v -2.688220 0.749820 0.166262
v -2.688337 0.748188 0.163352
v -2.686137 0.750433 0.169060
v -2.685256 0.747697 0.170609
v -2.685405 0.745304 0.171183
v -2.632815 0.812648 0.178556
v -2.636874 0.812333 0.177572
v -2.638105 0.813949 0.173606
v -2.633269 0.815200 0.174846
v -2.637658 0.816595 0.169939
v -2.633245 0.817875 0.170541
v -2.629126 0.816055 0.170484
v -2.628745 0.813373 0.173957
v -2.629146 0.811444 0.177427
v -2.696876 0.726610 0.109304
v -2.694513 0.726684 0.114751
v -2.691934 0.720502 0.117920
v -2.691652 0.716214 0.117942
v -2.692843 0.713626 0.115806
v -2.693597 0.712400 0.112140
v -2.693401 0.715375 0.107374
v -2.695247 0.722663 0.105300
v -2.697806 0.731357 0.101375
v -2.699592 0.733650 0.107184
v -2.696681 0.735328 0.112668
v -2.692419 0.730386 0.098599
v -2.690558 0.721578 0.101613
v -2.689052 0.714002 0.105704
v -2.690985 0.735953 0.113676
v -2.688918 0.727847 0.116028
v -2.687751 0.720463 0.117806
v -2.684760 0.719342 0.114627
v -2.684862 0.726786 0.112673
v -2.686796 0.734908 0.110342
v -2.687347 0.731298 0.100798
v -2.685727 0.722760 0.103751
v -2.685541 0.715651 0.107925
v -2.683854 0.717383 0.111105
v -2.683554 0.724858 0.108002
v -2.686116 0.733016 0.105567
v -2.687800 0.743546 0.108086
v -2.693523 0.739648 0.095847
v -2.699354 0.740374 0.098066
v -2.692600 0.744491 0.110752
v -2.686865 0.741790 0.103051
v -2.688234 0.740262 0.098019
v -2.698502 0.744150 0.109788
v -2.701301 0.742410 0.104197
v -2.688741 0.778691 0.101634
v -2.694825 0.782105 0.098336
v -2.696986 0.781903 0.090521
v -2.692336 0.778562 0.084873
v -2.686530 0.775520 0.084482
v -2.682157 0.774460 0.087453
v -2.681302 0.775423 0.093429
v -2.682795 0.776284 0.099912
v -2.689226 0.739378 0.055559
v -2.684136 0.738725 0.055933
v -2.681657 0.738606 0.060778
v -2.682911 0.738934 0.066108
v -2.686396 0.739396 0.069790
v -2.691483 0.740033 0.068729
v -2.694317 0.740503 0.064366
v -2.693149 0.740100 0.059114
v -2.691344 0.759779 0.058866
v -2.693106 0.760331 0.065246
v -2.689510 0.759076 0.070123
v -2.684089 0.757215 0.070738
v -2.680630 0.756113 0.066672
v -2.679011 0.755704 0.061528
v -2.680728 0.756414 0.056580
v -2.685985 0.758097 0.055212
v -2.673425 0.778582 0.059050
v -2.677129 0.780687 0.057311
v -2.681517 0.783514 0.058764
v -2.684735 0.785816 0.063632
v -2.682864 0.785070 0.071353
v -2.680160 0.778585 0.076046
v -2.672603 0.777488 0.073038
v -2.671541 0.777752 0.064358
v -2.703519 0.738478 0.133255
v -2.690314 0.737807 0.133140
v -2.689748 0.740143 0.138513
v -2.698967 0.742972 0.143719
v -2.699635 0.736432 0.129566
v -2.694027 0.736042 0.129036
v -2.692647 0.742338 0.143245
v -2.703332 0.741395 0.138913
v -2.688647 0.780431 0.107608
v -2.694434 0.785309 0.108430
v -2.696680 0.791175 0.114895
v -2.690809 0.792501 0.121592
v -2.683910 0.789331 0.123522
v -2.679748 0.785120 0.120394
v -2.680473 0.781915 0.114586
v -2.682945 0.779056 0.109442
v -2.693283 0.761652 0.106388
v -2.688263 0.759737 0.103739
v -2.687746 0.758000 0.098536
v -2.682631 0.763337 0.168222
v -2.677875 0.761960 0.165200
v -2.685852 0.756094 0.152772
v -2.690525 0.757696 0.155732
v -2.691603 0.760479 0.161243
v -2.688809 0.756626 0.093576
v -2.693299 0.756518 0.090239
v -2.700260 0.758175 0.090839
v -2.704443 0.761226 0.097856
v -2.688296 0.762616 0.166491
v -2.677542 0.759266 0.159565
v -2.680175 0.756779 0.154337
v -2.700443 0.762801 0.105221
v -2.673813 0.805714 0.142430
v -2.680012 0.808123 0.140088
v -2.685674 0.807454 0.134249
v -2.684584 0.801985 0.126389
v -2.679997 0.792972 0.125768
v -2.671309 0.792449 0.127632
v -2.668367 0.796836 0.135367
v -2.669390 0.801394 0.140696
v -2.690407 0.793322 0.143562
v -2.689440 0.788687 0.136729
v -2.683301 0.784652 0.134574
v -2.676116 0.782955 0.136852
v -2.672464 0.785872 0.143486
v -2.673351 0.790297 0.149369
v -2.678773 0.794039 0.151593
v -2.685694 0.795467 0.149811
v -2.692442 0.769439 0.156502
v -2.690883 0.766529 0.151212
v -2.686041 0.764653 0.148923
v -2.680373 0.764683 0.150270
v -2.677371 0.767086 0.155370
v -2.677816 0.770150 0.160893
v -2.682653 0.772285 0.163976
v -2.688906 0.771847 0.161885
v -2.699238 0.753959 0.139680
v -2.692454 0.752799 0.139210
v -2.688939 0.750222 0.134857
v -2.689559 0.747824 0.129549
v -2.692815 0.746219 0.125087
v -2.698722 0.746864 0.124817
v -2.704065 0.749027 0.127938
v -2.704346 0.752248 0.134511
v -2.701475 0.771665 0.094354
v -2.697682 0.768362 0.087526
v -2.690766 0.766047 0.087491
v -2.685082 0.765030 0.090025
v -2.683360 0.766299 0.096052
v -2.684929 0.768371 0.102467
v -2.691293 0.770860 0.104057
v -2.698435 0.772896 0.102170
v -2.702797 0.751589 0.101036
v -2.700037 0.749316 0.094839
v -2.693890 0.748182 0.093035
v -2.688557 0.748538 0.095613
v -2.687047 0.750012 0.100828
v -2.688049 0.751793 0.106007
v -2.693328 0.753116 0.108505
v -2.699739 0.753257 0.107105
v -2.690244 0.749279 0.068601
v -2.685512 0.748228 0.069646
v -2.681984 0.747487 0.066143
v -2.680739 0.747204 0.060927
v -2.682823 0.747574 0.056127
v -2.688122 0.748641 0.055503
v -2.692870 0.749663 0.059196
v -2.693747 0.749949 0.064916
v -2.691302 0.769974 0.064662
v -2.688084 0.768492 0.070736
v -2.682427 0.765553 0.072979
v -2.677820 0.763793 0.068439
v -2.676531 0.763513 0.062384
v -2.678524 0.764623 0.057451
v -2.683196 0.766780 0.055503
v -2.688772 0.769072 0.058027
v -2.697664 0.733136 0.147135
v -2.701642 0.733238 0.141979
v -2.701192 0.729471 0.137966
v -2.701095 0.723051 0.140601
v -2.700997 0.719914 0.144350
v -2.698449 0.719927 0.147556
v -2.696132 0.721877 0.149517
v -2.695390 0.726240 0.150384
v -2.689528 0.711782 0.111613
v -2.687150 0.712921 0.111456
v -2.686834 0.713671 0.113422
v -2.686546 0.715229 0.115064
v -2.688499 0.715133 0.116940
v -2.692061 0.731983 0.067685
v -2.693492 0.733830 0.063482
v -2.691254 0.731756 0.059721
v -2.690098 0.726158 0.059034
v -2.690817 0.722462 0.059566
v -2.691922 0.721564 0.062166
v -2.692669 0.723028 0.065087
v -2.692207 0.726248 0.067708
v -2.688670 0.750082 0.160086
v -2.689303 0.753618 0.164498
v -2.685824 0.753923 0.169407
v -2.683729 0.748467 0.172333
v -2.683995 0.744586 0.171631
v -2.685187 0.742042 0.169189
v -2.685925 0.740993 0.165137
v -2.686636 0.743933 0.161547
v -2.681517 0.755149 0.171173
v -2.680592 0.748728 0.172719
v -2.677406 0.754166 0.168344
v -2.677744 0.747911 0.170079
v -2.684783 0.748555 0.156093
v -2.683441 0.742711 0.159381
v -2.678932 0.749395 0.157642
v -2.678834 0.743796 0.161274
v -2.675937 0.751848 0.162917
v -2.676706 0.745833 0.165720
v -2.681037 0.744064 0.171724
v -2.678970 0.744280 0.170323
v -2.678876 0.742259 0.167623
v -2.679763 0.741259 0.164338
v -2.682588 0.740042 0.164166
v -2.699370 0.727586 0.133828
v -2.694349 0.726864 0.132443
v -2.689561 0.728428 0.136024
v -2.688514 0.730805 0.141813
v -2.691484 0.732887 0.146707
v -2.691618 0.725148 0.148593
v -2.689140 0.723270 0.144412
v -2.690300 0.721008 0.139217
v -2.694838 0.719709 0.135991
v -2.699468 0.720677 0.137282
v -2.698756 0.717327 0.141739
v -2.695499 0.717025 0.139945
v -2.692939 0.717786 0.142739
v -2.691596 0.719874 0.145388
v -2.693521 0.720394 0.148001
v -2.688807 0.731666 0.056597
v -2.684793 0.731001 0.056536
v -2.682013 0.730795 0.061010
v -2.682703 0.731092 0.066691
v -2.686872 0.731586 0.070182
v -2.688176 0.725235 0.069229
v -2.684599 0.724820 0.066615
v -2.683864 0.724735 0.062032
v -2.685727 0.725094 0.058139
v -2.688632 0.725636 0.057124
v -2.688580 0.721964 0.059604
v -2.686717 0.722326 0.060125
v -2.686288 0.721715 0.063018
v -2.686512 0.722212 0.065808
v -2.689176 0.721661 0.066688
v -2.640369 0.817524 0.167110
v -2.640408 0.811704 0.172458
v -2.637768 0.810295 0.177802
v -2.632860 0.810116 0.179209
v -2.628326 0.809090 0.177597
v -2.626537 0.810727 0.172551
v -2.626606 0.816564 0.167283
v -2.633178 0.820832 0.167465
v -2.641068 0.823199 0.161335
v -2.633416 0.825595 0.163360
v -2.625867 0.822859 0.162120
v -2.635172 0.866545 0.101804
v -2.645175 0.842067 0.130102
v -2.650482 0.841302 0.128141
v -2.655819 0.836595 0.128871
v -2.670505 0.828183 0.126717
v -2.630250 0.803153 0.174361
v -2.638218 0.804180 0.175029
v -2.643074 0.808806 0.172384
v -2.634755 0.802964 0.168871
v -2.625053 0.806874 0.171272
v -2.627764 0.806496 0.161813
v -2.641992 0.807177 0.162328
v -2.644814 0.812559 0.165160
v -2.645212 0.817646 0.158030
v -2.642420 0.811994 0.154343
v -2.634722 0.810177 0.153097
v -2.626748 0.811692 0.154121
v -2.622564 0.816979 0.158095
v -2.642942 0.839388 0.134726
v -2.641418 0.848201 0.136794
v -2.633168 0.852743 0.138255
v -2.623849 0.850388 0.137209
v -2.619599 0.843281 0.133962
v -2.621519 0.835328 0.130582
v -2.630204 0.829913 0.128567
v -2.640138 0.831009 0.132586
v -2.623189 0.831425 0.146310
v -2.625759 0.826040 0.141963
v -2.632397 0.822953 0.139523
v -2.639422 0.824944 0.140908
v -2.641925 0.830215 0.144881
v -2.640064 0.835598 0.149036
v -2.633767 0.838335 0.151518
v -2.626539 0.836533 0.150412
v -2.626057 0.829846 0.156869
v -2.622725 0.824271 0.152182
v -2.626467 0.819128 0.147940
v -2.633913 0.817654 0.146729
v -2.641078 0.818842 0.147451
v -2.643822 0.823867 0.151139
v -2.641024 0.829353 0.155383
v -2.633892 0.832160 0.158274
v -2.631901 0.857680 0.127586
v -2.642613 0.853774 0.125837
v -2.651590 0.850625 0.116915
v -2.660122 0.842260 0.119881
v -2.663943 0.823917 0.131637
v -2.628518 0.805499 0.176620
v -2.634294 0.802962 0.175130
v -2.638791 0.806989 0.177379
v -2.640339 0.804640 0.170156
v -2.628884 0.803531 0.169287
v -2.623345 0.810927 0.164546
v -2.634933 0.805272 0.161016
v -2.675875 0.830293 0.119835
v -2.663821 0.844137 0.110000
v -2.657327 0.852150 0.105428
v -2.679547 0.827362 0.104288
v -2.669547 0.844396 0.095006
v -2.665689 0.853301 0.091169
v -2.681861 0.826044 0.097223
v -2.672017 0.843526 0.088484
v -2.667518 0.852112 0.084806
v -2.680481 0.818492 0.078163
v -2.672549 0.837162 0.070509
v -2.668757 0.846294 0.067155
v -2.677597 0.812209 0.065015
v -2.669906 0.830883 0.058208
v -2.666297 0.840360 0.055107
v -2.674635 0.808824 0.058887
v -2.666906 0.827008 0.052401
v -2.663340 0.836549 0.049638
v -2.669803 0.805047 0.054645
v -2.662457 0.822897 0.048013
v -2.658778 0.832304 0.045667
v -2.665153 0.801290 0.051688
v -2.657318 0.818716 0.045476
v -2.653334 0.828056 0.043510
v -2.659624 0.798136 0.053207
v -2.651195 0.814965 0.047208
v -2.647046 0.824105 0.045027
v -2.655457 0.796935 0.059284
v -2.645193 0.812175 0.052971
v -2.640535 0.820778 0.050220
v -2.655182 0.798534 0.067772
v -2.643476 0.812700 0.062436
v -2.637794 0.820236 0.059671
v -2.657100 0.801291 0.076259
v -2.646379 0.815809 0.070950
v -2.640246 0.822527 0.068663
v -2.658725 0.803784 0.084321
v -2.648625 0.818227 0.079156
v -2.642579 0.824487 0.076917
v -2.646056 0.831558 0.130297
v -2.642578 0.832347 0.131139
v -2.650150 0.828022 0.130003
v -2.658321 0.818046 0.131191
v -2.622929 0.854940 0.127316
v -2.628590 0.865156 0.104753
v -2.621807 0.861923 0.105689
v -2.627853 0.873357 0.093594
v -2.623392 0.868681 0.092758
v -2.624715 0.885688 0.086335
v -2.621593 0.880943 0.082747
v -2.622845 0.910929 0.018996
v -2.628361 0.898186 0.025408
v -2.634880 0.885962 0.031503
v -2.623253 0.940354 0.003268
v -2.627449 0.927271 0.010564
v -2.631305 0.914095 0.018189
v -2.618046 0.847841 0.125583
v -2.616537 0.855433 0.105368
v -2.619270 0.861471 0.090426
v -2.619336 0.875563 0.078314
v -2.636453 0.901368 0.025000
v -2.642431 0.889566 0.032118
v -2.653538 0.894764 0.035898
v -2.618711 0.838928 0.123203
v -2.615508 0.845231 0.105086
v -2.615500 0.847785 0.094280
v -2.648437 0.907358 0.029843
v -2.644183 0.921184 0.023854
v -2.656466 0.813595 0.126011
v -2.656754 0.810937 0.119633
v -2.658526 0.809874 0.112336
v -2.659355 0.808554 0.104992
v -2.682939 0.821714 0.117100
v -2.681405 0.803887 0.067328
v -2.648517 0.820689 0.102123
v -2.647061 0.820519 0.109479
v -2.645277 0.819789 0.117112
v -2.646096 0.821764 0.125158
v -2.640689 0.824614 0.125828
v -2.636178 0.827830 0.126206
v -2.681894 0.806636 0.074812
v -2.624218 0.831553 0.121039
v -2.631273 0.827726 0.118832
v -2.638183 0.824610 0.115904
v -2.640764 0.825052 0.107984
v -2.626283 0.829395 0.104889
v -2.619553 0.835689 0.104815
v -2.641974 0.825168 0.100581
v -2.626439 0.830688 0.097037
v -2.619554 0.837573 0.095871
v -2.632867 0.876687 0.093434
v -2.630060 0.889460 0.088982
v -2.640804 0.935578 0.018499
v -2.637400 0.949943 0.013546
v -2.644806 0.957490 0.030415
v -2.657744 0.871138 0.083981
v -2.654741 0.881694 0.080589
v -2.660001 0.870126 0.078315
v -2.657087 0.880735 0.075235
v -2.651857 0.893526 0.077229
v -2.647831 0.942616 0.033608
v -2.650850 0.928046 0.036424
v -2.653377 0.913371 0.041401
v -2.654484 0.892479 0.071199
v -2.656816 0.900113 0.046495
v -2.624004 0.872418 0.043051
v -2.662256 0.864782 0.061322
v -2.661250 0.875653 0.058239
v -2.660112 0.887575 0.052661
v -2.619652 0.873624 0.050102
v -2.616325 0.876281 0.059005
v -2.615376 0.878232 0.066325
v -2.660711 0.859426 0.049651
v -2.659138 0.870338 0.046246
v -2.658112 0.882065 0.041025
v -2.631382 0.945373 0.007078
v -2.634884 0.931494 0.013408
v -2.638274 0.917660 0.020225
v -2.656904 0.856028 0.045274
v -2.655768 0.867718 0.042991
v -2.653534 0.879267 0.037736
v -2.642825 0.904464 0.027040
v -2.648313 0.891920 0.033290
v -2.619972 0.898707 0.079603
v -2.678635 0.800931 0.060939
v -2.673863 0.797305 0.056898
v -2.661748 0.812590 0.133988
v -2.659286 0.790662 0.070361
v -2.660975 0.793303 0.079043
v -2.614827 0.911536 0.074359
v -2.609442 0.924318 0.068339
v -2.651769 0.852261 0.041984
v -2.649094 0.863954 0.039977
v -2.647174 0.876941 0.036739
v -2.603559 0.936759 0.063978
v -2.596822 0.949150 0.060254
v -2.645784 0.848491 0.040848
v -2.642737 0.860092 0.038885
v -2.640290 0.873202 0.036619
v -2.639014 0.844525 0.041420
v -2.635973 0.856231 0.039593
v -2.632983 0.868171 0.038006
v -2.631355 0.840580 0.045245
v -2.628849 0.852537 0.044975
v -2.627135 0.864061 0.044920
v -2.626669 0.837696 0.054375
v -2.627359 0.836384 0.064370
v -2.628533 0.835227 0.073047
v -2.622733 0.841725 0.071811
v -2.622612 0.844993 0.063805
v -2.623677 0.849139 0.054029
v -2.622414 0.861634 0.056116
v -2.621649 0.853128 0.066338
v -2.620760 0.847880 0.071692
v -2.696049 0.717741 0.145584
v -2.689499 0.712706 0.114869
v -2.688950 0.720718 0.063077
v -2.681789 0.740961 0.168761
v -2.633509 0.806148 0.178994
v -2.617948 0.923226 0.011473
v -2.612721 0.935356 0.003352
v -2.600943 0.931817 0.008780
v -2.607582 0.920433 0.016236
v -2.613687 0.908583 0.023130
v -2.619255 0.895787 0.029206
v -2.625211 0.880914 0.035422
v -2.625394 0.902281 0.083396
v -2.620776 0.914938 0.078324
v -2.615877 0.928104 0.072599
v -2.610361 0.941069 0.068522
v -2.603834 0.953741 0.065121
v -2.616106 0.884374 0.043164
v -2.611212 0.896080 0.036865
v -2.605360 0.908266 0.031064
v -2.598343 0.919928 0.025062
v -2.591021 0.931226 0.018850
v -2.662776 0.795874 0.086989
v -2.663095 0.800951 0.106772
v -2.661482 0.802535 0.114235
v -2.660424 0.804738 0.121940
v -2.649498 0.906848 0.073209
v -2.646722 0.920797 0.069792
v -2.642858 0.935112 0.067240
v -2.638112 0.949324 0.065080
v -2.632882 0.963437 0.062951
v -2.638281 0.963273 0.056636
v -2.642493 0.948693 0.058627
v -2.646471 0.934066 0.060423
v -2.649406 0.919535 0.063345
v -2.652025 0.905711 0.066843
v -2.613082 0.887691 0.067343
v -2.606454 0.902177 0.058481
v -2.599729 0.914352 0.053043
v -2.593025 0.926352 0.048093
v -2.586116 0.938339 0.043669
v -2.590753 0.943990 0.053163
v -2.597516 0.931743 0.057394
v -2.603777 0.919613 0.062119
v -2.610042 0.907357 0.068448
v -2.616175 0.894333 0.074830
v -2.645967 0.881597 0.090476
v -2.643399 0.893766 0.087166
v -2.640466 0.907124 0.083297
v -2.635950 0.920659 0.079157
v -2.630626 0.933916 0.075116
v -2.625050 0.947350 0.071943
v -2.618844 0.960577 0.069095
v -2.648839 0.871118 0.095021
v -2.639729 0.879600 0.092521
v -2.636887 0.892217 0.089376
v -2.633008 0.905290 0.084991
v -2.628369 0.918270 0.080291
v -2.623090 0.931380 0.075023
v -2.617665 0.944595 0.071217
v -2.611253 0.957573 0.068082
v -2.642240 0.869777 0.099549
v -2.673225 0.789701 0.120362
v -2.680878 0.793471 0.123327
v -2.686299 0.800344 0.119084
v -2.674968 0.779299 0.082212
v -2.681592 0.780691 0.079760
v -2.685317 0.787428 0.080529
v -2.648435 0.894047 0.082672
v -2.662257 0.853395 0.097867
v -2.668416 0.845873 0.102453
v -2.678658 0.829522 0.111961
v -2.693226 0.799611 0.111062
v -2.691807 0.791199 0.086983
v -2.679643 0.815586 0.071595
v -2.671312 0.834228 0.064562
v -2.667817 0.843566 0.061225
v -2.661982 0.862334 0.055131
v -2.661467 0.873038 0.052038
v -2.660474 0.885144 0.046654
v -2.656046 0.897544 0.040248
v -2.651988 0.910382 0.034627
v -2.648664 0.924735 0.029164
v -2.645434 0.939328 0.025223
v -2.642134 0.953981 0.021448
v -2.651211 0.882020 0.085719
v -2.645950 0.907438 0.078939
v -2.642260 0.921288 0.075358
v -2.637516 0.935181 0.072409
v -2.632215 0.948975 0.069822
v -2.626320 0.962615 0.067491
v -2.653924 0.871430 0.089666
v -2.670768 0.811885 0.138419
v -2.674652 0.781090 0.091428
v -2.677491 0.815099 0.135759
v -2.665625 0.806974 0.137227
v -2.665416 0.782922 0.063621
v -2.673264 0.787081 0.056600
v -2.673931 0.786962 0.111781
v -2.677796 0.790329 0.058276
v -2.668789 0.784443 0.058083
v -2.663784 0.802026 0.132100
v -2.683715 0.815551 0.129888
v -2.690850 0.809072 0.106757
v -2.686463 0.810509 0.114030
v -2.681881 0.793463 0.062480
v -2.688522 0.800797 0.083846
v -2.684368 0.797847 0.077242
v -2.682614 0.795308 0.069460
v -2.685255 0.812752 0.121851
v -2.664760 0.783295 0.072237
v -2.664231 0.797926 0.124787
v -2.665671 0.795316 0.116776
v -2.666497 0.785657 0.081043
v -2.668289 0.788200 0.089231
v -2.667852 0.793688 0.109105
v -2.674597 0.822299 0.131665
v -2.667546 0.817983 0.134624
v -2.663990 0.790771 0.056019
v -2.669088 0.793782 0.054743
v -2.680944 0.823860 0.125370
v -2.686841 0.817849 0.101929
v -2.684099 0.819357 0.109208
v -2.684842 0.809854 0.081134
v -2.659557 0.807733 0.128965
v -2.659962 0.789369 0.061759
v -2.665635 0.834642 0.122864
v -2.660073 0.830191 0.130157
v -2.670052 0.836602 0.114484
v -2.674437 0.835620 0.099422
v -2.676934 0.834695 0.092662
v -2.676483 0.827627 0.074347
v -2.673627 0.821276 0.061762
v -2.670783 0.817621 0.055713
v -2.665994 0.813697 0.051435
v -2.661187 0.809712 0.048478
v -2.655308 0.806235 0.050023
v -2.650116 0.804243 0.056127
v -2.649359 0.805601 0.065183
v -2.652111 0.808804 0.073562
v -2.654061 0.811359 0.081662
v -2.654431 0.823201 0.129913
v -2.654615 0.815313 0.103514
v -2.652769 0.815136 0.110771
v -2.651169 0.815424 0.118103
v -2.651923 0.818413 0.124658
v -2.675396 0.824692 0.068172
v -2.673908 0.837579 0.106933
v -2.676374 0.799900 0.146863
v -2.687992 0.800427 0.139005
v -2.686957 0.795125 0.132040
v -2.681042 0.789998 0.130222
v -2.674423 0.788781 0.133154
v -2.670398 0.791400 0.139480
v -2.671350 0.795949 0.145072
v -2.682822 0.801973 0.145076
v -2.691981 0.773466 0.111305
v -2.700492 0.782323 0.119404
v -2.695055 0.784154 0.126198
v -2.687451 0.781516 0.127105
v -2.682402 0.777410 0.124012
v -2.682608 0.773797 0.118143
v -2.685785 0.771749 0.112785
v -2.698468 0.777242 0.112470
v -2.675796 0.771852 0.058027
v -2.688046 0.778315 0.064126
v -2.685878 0.776801 0.070768
v -2.680914 0.773021 0.074530
v -2.675336 0.771007 0.070117
v -2.673479 0.770591 0.063261
v -2.680181 0.774140 0.056390
v -2.685118 0.776732 0.058357
v -2.686140 0.765407 0.122326
v -2.689281 0.757297 0.126351
v -2.688377 0.759546 0.131182
v -2.685481 0.768374 0.127997
v -2.691655 0.762690 0.135367
v -2.690287 0.772130 0.131595
v -2.704733 0.763051 0.129659
v -2.704080 0.772984 0.124649
v -2.702452 0.768293 0.117031
v -2.703822 0.759098 0.122480
v -2.697462 0.756393 0.119893
v -2.695358 0.764983 0.115390
v -2.691542 0.755791 0.121745
v -2.689121 0.763708 0.117317
v -2.698111 0.774678 0.131432
v -2.699059 0.764784 0.135779
v -2.677063 0.777651 0.156855
v -2.676078 0.784328 0.153027
v -2.685296 0.778698 0.139131
v -2.685865 0.772248 0.144084
v -2.693290 0.778307 0.152015
v -2.693168 0.786234 0.147968
v -2.680834 0.787735 0.156143
v -2.681853 0.780607 0.160203
v -2.675827 0.780721 0.147408
v -2.676963 0.774298 0.151281
v -2.679970 0.771977 0.146038
v -2.678935 0.778097 0.141653
v -2.691493 0.781878 0.141283
v -2.691663 0.774571 0.146015
v -2.688235 0.788694 0.154460
v -2.688906 0.780763 0.158041
v -2.617623 0.848801 0.084595
v -2.619231 0.848582 0.076759
v -2.619296 0.857520 0.071956
v -2.619361 0.860025 0.079884
v -2.618817 0.866729 0.064931
v -2.617734 0.870770 0.072730
v -2.660341 0.806131 0.091388
v -2.660244 0.807525 0.098135
v -2.649614 0.819801 0.087035
v -2.649960 0.821094 0.094681
v -2.643328 0.825360 0.085018
v -2.642860 0.825268 0.092925
v -2.622207 0.840192 0.079159
v -2.620576 0.838827 0.087027
v -2.627325 0.832106 0.088906
v -2.628335 0.833696 0.080971
v -2.664745 0.799880 0.100178
v -2.664377 0.798098 0.093809
v -2.585418 0.933474 0.031566
v -2.592807 0.921942 0.036570
v -2.599997 0.910272 0.041711
v -2.606607 0.898532 0.047231
v -2.612130 0.886929 0.053664
v -2.677213 0.781485 0.099801
v -2.676947 0.783082 0.105202
v -2.686170 0.783480 0.101098
v -2.686490 0.783579 0.103535
v -2.690848 0.793143 0.103269
v -2.690118 0.790754 0.095975
v -2.681635 0.823553 0.090624
v -2.681417 0.821192 0.084287
v -2.673111 0.839640 0.076322
v -2.672251 0.841468 0.082312
v -2.669105 0.848614 0.072931
v -2.668574 0.850486 0.078784
v -2.662080 0.866936 0.067242
v -2.661377 0.868715 0.072743
v -2.660088 0.877896 0.064036
v -2.658619 0.879395 0.069497
v -2.658623 0.889712 0.059329
v -2.656592 0.891205 0.065399
v -2.655818 0.902410 0.053800
v -2.653953 0.904169 0.060565
v -2.652883 0.915825 0.049115
v -2.651186 0.917748 0.056455
v -2.650885 0.930572 0.044789
v -2.649049 0.932502 0.052782
v -2.647873 0.945361 0.042577
v -2.645813 0.947368 0.051064
v -2.644980 0.960319 0.039870
v -2.642481 0.962193 0.048861
v -2.689523 0.805312 0.099019
v -2.687973 0.802535 0.091606
v -2.668842 0.791128 0.102659
v -2.668769 0.789243 0.096574
v -2.686195 0.814869 0.094791
v -2.685402 0.812234 0.087916
v -2.655937 0.815058 0.096331
v -2.655815 0.813745 0.089032
v -2.677026 0.830187 0.080297
v -2.676825 0.832354 0.086373
v -2.641700 0.835368 0.139509
v -2.639907 0.841702 0.143085
v -2.633349 0.844840 0.144831
v -2.625873 0.843160 0.143844
v -2.621813 0.837774 0.140545
v -2.624483 0.831740 0.136626
v -2.631185 0.827808 0.134372
v -2.638785 0.829340 0.135812
v -2.663342 0.860699 0.081570
v -2.664711 0.859235 0.075724
v -2.659652 0.845891 0.047649
v -2.642945 0.833983 0.043638
v -2.649320 0.837898 0.042850
v -2.665064 0.857322 0.070022
v -2.632713 0.828711 0.056888
v -2.645807 0.861077 0.107392
v -2.662936 0.849540 0.052619
v -2.664578 0.852658 0.058374
v -2.654875 0.841902 0.044318
v -2.656989 0.861463 0.093333
v -2.651596 0.860804 0.099771
v -2.635806 0.830103 0.047583
v -2.661217 0.861720 0.087519
v -2.638692 0.862466 0.113597
v -2.664969 0.855150 0.064310
v -2.616962 0.851428 0.116185
v -2.621031 0.833573 0.113232
v -2.630012 0.861141 0.116184
v -2.627553 0.828181 0.112047
v -2.622341 0.857810 0.116772
v -2.616845 0.842220 0.114678
v -2.633176 0.826584 0.111136
v -2.633590 0.826669 0.105886
v -2.634134 0.827044 0.098631
v -2.635019 0.828028 0.090898
v -2.635897 0.829456 0.083051
v -2.635818 0.830136 0.074901
v -2.633768 0.829137 0.066427
vn -0.8912 0.3289 -0.3125
vn -0.1840 0.3603 0.9145
vn -0.9188 0.2544 -0.3017
vn -0.4465 0.2655 0.8545
vn -0.8626 0.2733 -0.4256
vn -0.5591 0.3029 0.7718
vn -0.1306 0.3772 0.9169
vn -0.8697 0.4007 -0.2882
vn -0.8717 0.3892 -0.2978
vn -0.1954 0.2923 0.9361
vn -0.9203 0.2767 -0.2764
vn -0.2801 0.2031 0.9382
vn -0.9635 0.1689 -0.2076
vn -0.2512 0.2315 0.9398
vn -0.2524 0.2172 0.9429
vn -0.8931 0.3413 -0.2931
vn -0.1144 0.4039 0.9076
vn -0.5340 0.2687 0.8017
vn -0.9707 0.1421 -0.1937
vn -0.9445 0.2140 -0.2491
vn -0.8761 0.3778 -0.2996
vn -0.9003 0.2482 -0.3575
vn -0.9127 0.2796 -0.2979
vn -0.3135 0.3040 0.8996
vn -0.2676 0.2199 0.9381
vn -0.2720 0.2497 0.9294
vn 0.2198 -0.2942 -0.9301
vn 0.1819 -0.2729 -0.9447
vn 0.1550 -0.2329 -0.9601
vn 0.1615 -0.1616 -0.9736
vn 0.0655 -0.1501 -0.9865
vn -0.0748 -0.1916 -0.9786
vn -0.1755 -0.1964 -0.9647
vn -0.2372 -0.1938 -0.9519
vn -0.2808 -0.2043 -0.9378
vn -0.3028 -0.2187 -0.9276
vn -0.3151 -0.2527 -0.9148
vn -0.3424 -0.2842 -0.8955
vn -0.3635 -0.3239 -0.8735
vn 0.8158 -0.3951 0.4224
vn 0.8018 -0.4125 0.4325
vn 0.8150 -0.3849 0.4331
vn 0.8461 -0.3067 0.4360
vn 0.8750 -0.2029 0.4396
vn 0.8811 -0.1294 0.4549
vn 0.8563 -0.1420 0.4966
vn 0.8019 -0.2034 0.5618
vn 0.7482 -0.2991 0.5923
vn 0.6951 -0.4710 0.5431
vn 0.6552 -0.6157 0.4378
vn 0.6901 -0.6210 0.3717
vn 0.7675 -0.5443 0.3386
vn 0.3049 -0.8086 0.5032
vn 0.4746 -0.1433 0.8685
vn 0.5490 -0.2133 0.8081
vn 0.9105 -0.3403 0.2350
vn 0.9146 -0.3478 -0.2065
vn 0.7003 -0.3219 -0.6372
vn 0.3957 -0.2661 -0.8790
vn -0.6647 0.3000 -0.6843
vn -0.3294 0.0962 -0.9393
vn -0.8574 0.3701 -0.3576
vn -0.8903 0.3580 -0.2816
vn -0.8727 0.4829 0.0716
vn -0.4840 0.4739 0.7356
vn 0.3758 0.0275 0.9263
vn 0.4641 -0.0810 0.8821
vn 0.1051 -0.4630 0.8801
vn 0.3737 -0.5849 0.7199
vn 0.8114 -0.5660 0.1461
vn 0.8512 -0.5100 -0.1239
vn 0.7639 -0.4773 -0.4343
vn 0.5010 -0.3997 -0.7677
vn -0.5484 0.1148 -0.8283
vn -0.2063 -0.0383 -0.9777
vn -0.7998 0.2079 -0.5632
vn -0.9428 0.3137 -0.1125
vn -0.9051 0.4048 0.1300
vn -0.6286 0.3900 0.6729
vn -0.1174 -0.1449 0.9825
vn -0.0173 -0.3294 0.9440
vn 0.1698 -0.3037 0.9375
vn 0.5233 -0.4841 0.7013
vn 0.8470 -0.5284 0.0579
vn 0.8447 -0.5227 -0.1154
vn 0.7868 -0.5209 -0.3311
vn 0.5952 -0.4526 -0.6640
vn -0.1667 -0.1073 -0.9801
vn -0.4742 0.0603 -0.8783
vn -0.7185 0.1972 -0.6670
vn -0.9404 0.3087 -0.1425
vn -0.9241 0.3309 0.1912
vn -0.6893 0.3387 0.6405
vn -0.3154 0.0895 0.9447
vn -0.1108 -0.0969 0.9891
vn -0.4862 0.4525 0.7476
vn 0.4855 0.1797 0.8555
vn 0.6441 0.1124 0.7566
vn 0.7125 0.0596 0.6991
vn 0.7585 -0.0143 0.6516
vn 0.9370 -0.2901 0.1948
vn 0.8795 -0.3997 -0.2583
vn 0.5922 -0.3905 -0.7048
vn 0.1949 -0.2950 -0.9354
vn -0.7674 0.1227 -0.6293
vn -0.4850 -0.0843 -0.8704
vn -0.8856 0.3423 -0.3140
vn -0.8847 0.3874 -0.2593
vn -0.9006 0.4317 0.0506
vn -0.8956 0.4037 -0.1870
vn -0.9055 0.4134 0.0958
vn -0.8654 0.2937 -0.4061
vn -0.5264 -0.0770 -0.8468
vn -0.7556 0.0890 -0.6489
vn 0.1428 -0.3335 -0.9319
vn 0.5492 -0.4411 -0.7098
vn 0.8548 -0.4243 -0.2989
vn 0.9478 -0.2842 0.1445
vn 0.7107 0.0236 0.7031
vn 0.7829 -0.0257 0.6217
vn 0.4206 0.1295 0.8980
vn 0.6076 0.0668 0.7914
vn -0.5378 0.3666 0.7592
vn -0.9431 0.3314 -0.0267
vn -0.8993 0.3495 0.2630
vn -0.8451 0.1730 -0.5058
vn -0.5716 -0.0490 -0.8191
vn -0.7175 0.0534 -0.6946
vn 0.0958 -0.4208 -0.9021
vn 0.4774 -0.5420 -0.6916
vn 0.7705 -0.5486 -0.3245
vn 0.8889 -0.4444 0.1114
vn 0.6416 -0.1008 0.7604
vn 0.7504 -0.1909 0.6329
vn 0.2531 0.0568 0.9658
vn 0.4907 -0.0252 0.8710
vn -0.5421 0.2773 0.7932
vn -0.9668 0.2427 0.0796
vn -0.9012 0.2801 0.3308
vn -0.8850 0.0720 -0.4600
vn -0.6234 -0.1065 -0.7746
vn -0.7743 -0.0085 -0.6327
vn 0.0505 -0.4833 -0.8740
vn 0.4177 -0.6103 -0.6731
vn 0.6917 -0.6370 -0.3402
vn 0.8296 -0.5524 0.0817
vn 0.5874 -0.2189 0.7792
vn 0.7049 -0.3041 0.6409
vn 0.2276 0.0014 0.9737
vn 0.4362 -0.1251 0.8911
vn -0.5255 0.2881 0.8005
vn -0.3415 -0.3322 0.8792
vn -0.0562 -0.7669 -0.6393
vn -0.0187 -0.9844 -0.1751
vn -0.0410 -0.9118 0.4085
vn 0.0830 -0.8136 0.5754
vn 0.6129 -0.6323 0.4739
vn 0.2588 -0.4615 0.8486
vn 0.8332 -0.5511 0.0458
vn 0.6764 -0.6368 -0.3700
vn 0.8508 -0.5158 0.1001
vn 0.7243 -0.6078 -0.3255
vn 0.9272 -0.3568 0.1142
vn 0.8141 -0.4816 -0.3245
vn 0.9176 -0.3200 0.2358
vn 0.8997 -0.3732 -0.2265
vn 0.8740 -0.4410 0.2043
vn 0.8998 -0.4099 -0.1492
vn 0.8264 -0.5485 -0.1273
vn 0.8030 -0.5893 0.0894
vn 0.2686 0.0305 0.9628
vn 0.2151 0.0286 0.9762
vn 0.3319 0.0821 0.9397
vn 0.4929 0.1666 0.8540
vn 0.1327 -0.1241 0.9834
vn -0.2668 -0.0478 0.9626
vn 0.0239 -0.5113 -0.8591
vn 0.0751 -0.4595 -0.8850
vn 0.1136 -0.3808 -0.9176
vn 0.2934 -0.2706 -0.9169
vn 0.4697 -0.3158 -0.8244
vn 0.5535 -0.4483 -0.7019
vn -0.9707 0.2232 0.0893
vn -0.9030 0.2684 0.3355
vn -0.9598 0.2789 0.0311
vn -0.8997 0.3106 0.3068
vn -0.9202 0.3780 -0.1019
vn -0.9046 0.3843 0.1843
vn -0.8871 0.3556 -0.2944
vn -0.8898 0.4523 0.0604
vn -0.9099 0.3610 -0.2042
vn -0.8755 0.4763 0.0816
vn -0.9532 0.2896 -0.0872
vn -0.9214 0.3406 0.1872
vn -0.8972 0.0505 -0.4387
vn -0.8596 0.1162 -0.4975
vn -0.8461 0.2372 -0.4773
vn -0.8698 0.4000 -0.2889
vn -0.8436 0.2612 -0.4691
vn -0.7564 0.1923 -0.6252
vn -0.6452 -0.1404 -0.7510
vn -0.7974 -0.0265 -0.6029
vn -0.5892 -0.0703 -0.8050
vn -0.7363 0.0259 -0.6761
vn -0.5557 -0.0601 -0.8292
vn -0.7278 0.0721 -0.6820
vn -0.7321 0.2341 -0.6398
vn -0.4352 -0.0144 -0.9002
vn -0.6011 0.2210 -0.7680
vn -0.2269 0.0683 -0.9715
vn -0.4995 0.0786 -0.8628
vn -0.1767 -0.0823 -0.9808
vn -0.5555 0.2946 0.7776
vn 0.5490 0.0222 0.8355
vn 0.6796 -0.0238 0.7332
vn 0.7748 -0.0870 0.6262
vn 0.5124 -0.4928 -0.7033
vn 0.4425 -0.5882 -0.6770
vn 0.7503 -0.3874 -0.5357
vn -0.4583 0.4901 0.7415
vn 0.3976 -0.6212 -0.6753
vn 0.1127 -0.4137 0.9034
vn 0.4338 -0.5681 0.6993
vn -0.6811 0.3515 0.6423
vn 0.4491 -0.0907 0.8889
vn -0.1030 -0.2415 0.9649
vn 0.7693 -0.5232 -0.3667
vn 0.6498 -0.3378 -0.6810
vn 0.5993 -0.1708 0.7821
vn 0.7178 -0.2678 0.6427
vn 0.6415 0.0239 0.7668
vn 0.6758 -0.0674 0.7340
vn -0.5490 0.4366 0.7127
vn 0.6052 -0.1899 0.7731
vn 0.7196 -0.2812 0.6348
vn 0.4531 -0.0772 0.8881
vn 0.6164 0.0854 0.7828
vn -0.5209 0.2903 0.8027
vn -0.5706 0.2887 0.7688
vn 0.2454 -0.3646 0.8983
vn 0.4207 -0.4369 0.7951
vn 0.2002 -0.2740 0.9407
vn -0.8460 0.2445 0.4738
vn -0.8445 0.3852 -0.3721
vn -0.1761 -0.3900 -0.9038
vn -0.5421 -0.1363 0.8292
vn -0.9222 0.3434 0.1779
vn -0.8924 0.3929 -0.2220
vn -0.6483 0.2729 -0.7108
vn -0.2431 -0.1952 -0.9502
vn -0.3565 0.0254 -0.9340
vn -0.3494 -0.4964 0.7947
vn -0.7516 -0.3723 -0.5445
vn -0.8740 -0.3386 -0.3485
vn -0.9700 -0.2428 -0.0104
vn -0.9647 -0.1340 0.2267
vn -0.9293 -0.2074 0.3055
vn -0.6535 -0.6759 0.3407
vn -0.4627 -0.8008 0.3803
vn -0.4523 -0.6575 0.6026
vn -0.7499 0.5316 -0.3938
vn -0.8023 0.3867 0.4546
vn -0.4847 -0.1159 -0.8669
vn -0.5798 0.0709 0.8117
vn -0.7980 0.5446 -0.2581
vn -0.5828 0.3866 -0.7148
vn -0.3493 -0.0387 -0.9362
vn -0.8639 0.4778 0.1592
vn -0.3920 0.1559 -0.9067
vn -0.4531 -0.2421 0.8580
vn -0.5685 -0.3710 0.7343
vn -0.2261 0.9285 0.2945
vn -0.5029 0.8219 -0.2674
vn -0.1273 0.7893 0.6007
vn -0.4598 0.8591 -0.2247
vn -0.2851 0.9534 0.0989
vn -0.3097 0.8909 0.3321
vn -0.4406 0.8314 -0.3386
vn -0.4661 0.7973 -0.3834
vn -0.6094 0.6858 -0.3980
vn -0.5295 0.7452 0.4054
vn -0.7158 0.5374 0.4459
vn -0.2889 0.1440 -0.9465
vn -0.9717 -0.1379 0.1919
vn -0.9663 -0.1373 0.2176
vn -0.9503 -0.3068 -0.0521
vn -0.9432 -0.3260 -0.0633
vn -0.9675 -0.2239 0.1175
vn -0.9625 -0.2607 0.0748
vn -0.9537 -0.1677 0.2497
vn -0.9546 -0.1483 0.2584
vn -0.5293 0.2764 0.8022
vn -0.4774 -0.1048 0.8724
vn -0.4157 0.4363 0.7980
vn -0.2874 0.6166 0.7329
vn -0.6580 0.6901 -0.3012
vn -0.4902 0.8123 -0.3160
vn -0.4295 0.8632 -0.2655
vn -0.4660 0.5451 -0.6969
vn -0.3775 0.6701 -0.6391
vn -0.3450 0.7517 -0.5620
vn -0.2484 0.2025 -0.9473
vn -0.1999 0.3234 -0.9249
vn -0.2617 0.3713 0.8909
vn -0.3386 0.9351 0.1048
vn -0.3182 0.2943 0.9012
vn -0.4239 0.1391 0.8950
vn -0.5472 0.8299 0.1090
vn -0.7611 0.6349 0.1327
vn -0.2839 0.4558 -0.8436
vn -0.3235 0.3610 -0.8746
vn -0.3827 0.0457 0.9227
vn -0.2982 0.1970 0.9340
vn -0.2047 0.3006 0.9315
vn -0.7807 -0.0236 0.6245
vn -0.8882 -0.1574 0.4317
vn -0.9358 -0.3181 0.1517
vn -0.9516 -0.2922 0.0951
vn -0.9592 -0.1050 0.2627
vn -0.9744 -0.1919 0.1175
vn -0.9411 -0.2976 -0.1603
vn -0.8411 -0.3462 -0.4156
vn -0.4246 0.1471 0.8933
vn -0.6220 -0.0391 0.7820
vn -0.8108 -0.2538 0.5274
vn -0.8861 -0.4235 0.1882
vn -0.9341 -0.3438 0.0958
vn -0.9687 -0.0650 0.2395
vn -0.9802 -0.1368 0.1430
vn -0.9473 -0.2730 -0.1677
vn -0.8713 -0.3290 -0.3642
vn -0.4562 -0.0008 0.8899
vn -0.3694 0.1372 0.9191
vn -0.4221 0.7551 -0.5016
vn -0.7837 0.3648 -0.5027
vn -0.5543 0.6428 -0.5288
vn -0.3734 0.7877 -0.4901
vn -0.6930 0.4882 -0.5305
vn -0.9249 0.3434 0.1631
vn -0.9078 0.3916 0.1503
vn -0.8691 0.4770 0.1308
vn -0.8766 0.4775 0.0591
vn -0.9336 0.3524 -0.0641
vn -0.9407 0.2918 -0.1728
vn -0.6695 0.3539 0.6530
vn -0.6396 0.3899 0.6624
vn -0.6693 0.3843 0.6359
vn -0.8231 0.2574 0.5061
vn -0.9438 0.1361 0.3012
vn -0.9611 0.1909 0.1994
vn -0.8604 0.0751 0.5041
vn -0.8278 -0.0022 0.5611
vn -0.7159 0.1371 0.6846
vn -0.5712 0.3229 0.7546
vn -0.5291 0.3644 0.7663
vn -0.5496 0.3352 0.7652
vn -0.3388 0.1985 0.9197
vn -0.3714 0.2529 0.8934
vn -0.4366 0.2377 0.8677
vn -0.4973 0.1334 0.8572
vn -0.4741 -0.0198 0.8802
vn -0.4728 -0.1667 0.8653
vn -0.1165 0.0305 0.9927
vn -0.1330 0.0934 0.9867
vn -0.1715 0.0977 0.9803
vn -0.2017 0.0604 0.9776
vn -0.1900 0.0067 0.9818
vn -0.2000 -0.1602 0.9666
vn 0.2001 -0.1887 0.9614
vn 0.2278 -0.1274 0.9653
vn 0.2437 -0.1214 0.9622
vn 0.2714 -0.1350 0.9529
vn 0.3237 -0.1283 0.9374
vn 0.3627 -0.1780 0.9147
vn 0.5875 -0.4034 0.7015
vn 0.6381 -0.3577 0.6819
vn 0.6782 -0.3507 0.6458
vn 0.7191 -0.3500 0.6004
vn 0.7803 -0.3109 0.5426
vn 0.8326 -0.2828 0.4763
vn 0.8228 -0.4818 0.3015
vn 0.8509 -0.4541 0.2641
vn 0.8630 -0.4511 0.2276
vn 0.8716 -0.4466 0.2021
vn 0.9030 -0.3906 0.1788
vn 0.9231 -0.3406 0.1788
vn 0.8805 -0.4726 0.0359
vn 0.8885 -0.4581 0.0265
vn 0.8768 -0.4791 0.0404
vn 0.8689 -0.4894 0.0741
vn 0.9015 -0.4227 0.0926
vn 0.9251 -0.3664 0.0999
vn 0.9382 -0.3444 -0.0346
vn 0.9107 -0.4122 0.0271
vn 0.8522 -0.5195 0.0619
vn 0.8454 -0.5336 0.0242
vn 0.8702 -0.4908 -0.0438
vn 0.8706 -0.4836 -0.0903
vn 0.8017 -0.5213 -0.2926
vn 0.7904 -0.5708 -0.2225
vn 0.7765 -0.6078 -0.1665
vn 0.8320 -0.5301 -0.1636
vn 0.9138 -0.3613 -0.1853
vn 0.9307 -0.3128 -0.1896
vn 0.5912 -0.5044 -0.6293
vn 0.5670 -0.5760 -0.5888
vn 0.5783 -0.5707 -0.5830
vn 0.6598 -0.4739 -0.5831
vn 0.7841 -0.3359 -0.5219
vn 0.8310 -0.3683 -0.4168
vn 0.2109 -0.3689 -0.9052
vn 0.1997 -0.4141 -0.8880
vn 0.2204 -0.3931 -0.8927
vn 0.2953 -0.3465 -0.8904
vn 0.4513 -0.2725 -0.8498
vn 0.5201 -0.3252 -0.7898
vn -0.1882 -0.1537 -0.9700
vn -0.2002 -0.1777 -0.9635
vn -0.1842 -0.1903 -0.9643
vn -0.1207 -0.1751 -0.9771
vn 0.0180 -0.1103 -0.9937
vn 0.0918 -0.0952 -0.9912
vn -0.2924 0.0783 -0.9531
vn -0.3759 0.0813 -0.9231
vn -0.4527 0.0126 -0.8916
vn -0.4948 -0.0284 -0.8685
vn -0.4968 0.0047 -0.8678
vn -0.4771 0.0421 -0.8779
vn -0.6960 0.1811 -0.6948
vn -0.6954 0.1080 -0.7105
vn -0.6854 0.1073 -0.7202
vn -0.6686 0.2032 -0.7153
vn -0.6620 0.2614 -0.7025
vn -0.6624 0.2525 -0.7053
vn -0.8432 0.2407 -0.4808
vn -0.8407 0.1904 -0.5070
vn -0.8201 0.2682 -0.5055
vn -0.7962 0.3732 -0.4763
vn -0.8082 0.3766 -0.4527
vn -0.8199 0.3328 -0.4659
vn -0.8900 0.3269 -0.3180
vn -0.8821 0.4014 -0.2464
vn -0.8576 0.4711 -0.2064
vn -0.8883 0.4127 -0.2014
vn -0.9292 0.3031 -0.2113
vn -0.9357 0.2896 -0.2017
vn 0.2372 0.2808 0.9300
vn -0.7652 0.3317 0.5518
vn -0.2768 0.0839 0.9572
vn -0.7956 0.4066 0.4492
vn -0.0053 0.1323 0.9912
vn -0.4556 0.2273 0.8607
vn -0.5247 0.8320 -0.1801
vn -0.6999 0.0725 0.7105
vn -0.6931 0.2484 0.6767
vn -0.3811 0.9139 -0.1397
vn 0.1474 0.2053 0.9675
vn -0.3659 0.9247 -0.1054
vn -0.7531 0.5019 0.4254
vn -0.8216 0.3426 0.4556
vn -0.9233 0.3812 -0.0472
vn -0.0634 0.1001 0.9930
vn -0.7229 0.6748 -0.1486
vn -0.7685 0.4716 0.4325
vn -0.7553 0.3202 0.5718
vn -0.7951 0.4422 0.4150
vn -0.7886 0.3555 0.5017
vn -0.8471 0.5241 -0.0877
vn -0.7337 0.5117 0.4470
vn -0.8201 0.3725 0.4343
vn 0.0288 0.1527 0.9878
vn -0.6269 0.4124 0.6610
vn -0.7812 0.2864 0.5547
vn -0.7260 0.5209 0.4490
vn -0.2829 0.7942 0.5378
vn -0.1741 0.8697 0.4619
vn 0.0568 0.1456 0.9877
vn -0.7637 0.2981 0.5727
vn 0.2199 0.2727 0.9366
vn -0.0317 0.1343 0.9904
vn -0.4891 0.6075 0.6259
vn 0.1434 0.1897 0.9713
vn -0.0138 0.1310 0.9913
vn -0.4085 0.1370 0.9024
vn -0.4686 0.2970 0.8320
vn -0.4775 0.3356 0.8120
vn -0.5323 0.2945 0.7937
vn -0.6186 0.1148 0.7773
vn -0.6483 -0.0698 0.7582
vn -0.6654 -0.0742 0.7428
vn -0.8107 0.3601 0.4616
vn -0.7863 0.4104 0.4619
vn -0.7819 0.4544 0.4267
vn -0.8692 0.3966 0.2952
vn -0.9606 0.2590 0.1007
vn -0.9679 0.2510 -0.0127
vn -0.6281 -0.3110 -0.7133
vn -0.8856 -0.3860 -0.2584
vn -0.9721 0.0724 -0.2232
vn -0.6366 0.0277 -0.7707
vn -0.7296 0.1127 -0.6745
vn -0.9869 0.0837 -0.1382
vn -0.9687 0.0413 0.2447
vn -0.9685 0.0183 0.2485
vn -0.9569 -0.2506 0.1469
vn -0.9869 -0.0462 0.1546
vn -0.9450 -0.1931 -0.2641
vn -0.9148 -0.3012 -0.2689
vn -0.9625 0.0188 0.2705
vn -0.7932 -0.2924 0.5341
vn -0.8516 -0.5240 0.0114
vn -0.8695 0.0327 0.4929
vn -0.7971 0.0710 0.5996
vn -0.6828 -0.0415 0.7294
vn -0.8884 0.0982 0.4485
vn -0.9972 -0.0046 0.0740
vn -0.9879 0.0268 0.1525
vn -0.7905 0.2229 0.5704
vn -0.7028 -0.0694 0.7080
vn -0.9302 -0.0974 0.3538
vn -0.7490 0.1339 0.6489
vn -0.6668 0.1713 0.7253
vn -0.5512 -0.0170 0.8342
vn -0.8247 -0.3040 0.4769
vn -0.8840 -0.4652 0.0463
vn -0.9554 -0.2791 -0.0971
vn -0.9331 0.0060 0.3595
vn -0.9370 -0.0370 0.3475
vn -0.9768 -0.2125 -0.0257
vn -0.7950 0.0749 0.6019
vn -0.7364 0.0829 0.6714
vn -0.6504 -0.1232 0.7495
vn 0.0773 0.5831 0.8087
vn -0.4564 0.5534 0.6968
vn -0.5271 0.6720 0.5202
vn 0.0411 0.8431 0.5361
vn -0.4252 0.7056 0.5669
vn 0.0397 0.8010 0.5974
vn 0.5183 0.6739 0.5266
vn 0.6119 0.6305 0.4775
vn 0.5820 0.4831 0.6541
vn -0.9661 -0.2033 0.1591
vn -0.6272 0.0887 0.7738
vn -0.3842 0.0853 0.9193
vn -0.2202 -0.2834 0.9334
vn -0.3179 -0.7095 0.6289
vn -0.4673 -0.8824 -0.0549
vn -0.5969 -0.5739 -0.5606
vn -0.7950 -0.3598 -0.4884
vn -0.7755 -0.3702 -0.5114
vn -0.9667 -0.1994 0.1603
vn -0.6079 0.0848 0.7895
vn -0.0547 -0.3457 -0.9368
vn -0.0358 -0.4158 -0.9088
vn 0.0800 -0.7187 -0.6907
vn 0.2111 0.3120 0.9264
vn 0.2810 0.3092 0.9085
vn 0.3941 0.0787 0.9157
vn 0.8558 -0.0617 0.5135
vn 0.8676 0.2493 0.4303
vn 0.8490 0.2909 0.4411
vn 0.7388 -0.0923 -0.6676
vn 0.7422 -0.1827 -0.6448
vn 0.7425 -0.5224 -0.4193
vn 0.9564 -0.2901 0.0349
vn 0.9903 0.0670 -0.1221
vn 0.9832 0.1395 -0.1181
vn 0.8299 0.2093 0.5172
vn 0.0034 -0.3140 -0.9494
vn -0.7349 -0.3086 -0.6039
vn 0.1740 0.2894 0.9412
vn 0.9970 0.0431 -0.0635
vn 0.7580 -0.1429 -0.6365
vn -0.6097 0.1382 0.7805
vn -0.9856 -0.1264 0.1126
vn -0.0148 0.2468 0.9690
vn -0.6388 0.4857 0.5967
vn -0.8937 0.3728 -0.2497
vn -0.5305 -0.0271 -0.8473
vn -0.0154 -0.4329 -0.9013
vn 0.5981 -0.6737 -0.4341
vn 0.8404 -0.5292 0.1168
vn 0.6283 -0.2051 0.7505
vn -0.3550 -0.0655 -0.9326
vn 0.5254 -0.0859 -0.8465
vn 0.9867 -0.0784 -0.1422
vn 0.8757 -0.0370 0.4814
vn 0.2439 -0.0047 0.9698
vn -0.5934 0.0037 0.8049
vn -0.9864 -0.0263 0.1625
vn -0.8593 -0.0581 -0.5082
vn -0.7939 0.1315 -0.5937
vn -0.9751 0.1222 0.1853
vn -0.5589 -0.0225 0.8289
vn 0.2407 -0.2183 0.9457
vn 0.8243 -0.2750 0.4948
vn 0.9672 -0.2461 -0.0628
vn 0.6371 -0.1269 -0.7602
vn -0.1574 0.0376 -0.9868
vn 0.5780 -0.3194 -0.7510
vn 0.0124 0.0031 -0.9999
vn -0.5167 0.2315 -0.8243
vn -0.9197 0.3080 -0.2433
vn -0.9916 0.0397 0.1230
vn -0.5033 -0.6285 0.5930
vn 0.5752 -0.7260 0.3769
vn 0.8124 -0.5600 -0.1625
vn -0.9320 -0.2418 -0.2700
vn 0.9133 -0.1418 -0.3818
vn 0.9770 0.0977 0.1897
vn -0.3813 0.2782 0.8816
vn -0.4799 -0.3838 -0.7889
vn 0.3418 -0.3580 -0.8689
vn 0.5232 0.3112 0.7934
vn -0.9295 0.0188 0.3684
vn -0.1976 -0.5004 -0.8429
vn -0.7333 -0.0795 -0.6752
vn -0.9108 0.4120 0.0247
vn -0.4352 0.5087 0.7429
vn 0.1762 0.1693 0.9697
vn 0.7117 -0.3646 0.6005
vn 0.8100 -0.5831 0.0617
vn 0.4787 -0.7206 -0.5015
vn 0.1277 0.2100 0.9693
vn 0.7779 0.0129 0.6283
vn 0.9811 -0.1933 0.0085
vn 0.1188 0.3785 0.9179
vn 0.8565 0.2474 0.4529
vn -0.2056 -0.4459 -0.8711
vn -0.8518 -0.3311 -0.4061
vn -0.9699 -0.0668 0.2342
vn 0.7638 -0.3228 -0.5590
vn 0.1314 -0.3453 -0.9293
vn -0.6083 -0.2156 -0.7639
vn -0.9983 0.0529 -0.0257
vn -0.6357 0.2091 0.7431
vn 0.9830 -0.0118 -0.1832
vn 0.6322 -0.2789 -0.7228
vn -0.6062 0.2380 0.7589
vn 0.2514 0.4724 0.8448
vn -0.3601 0.6094 0.7063
vn -0.9015 0.3671 0.2291
vn -0.9912 -0.1182 -0.0588
vn -0.5015 -0.8439 -0.1905
vn 0.4932 -0.8699 -0.0077
vn 0.8632 -0.4495 0.2296
vn 0.7664 0.0444 0.6408
vn -0.9199 0.3860 0.0699
vn -0.8144 -0.1184 -0.5680
vn -0.2023 -0.5485 -0.8113
vn 0.5310 -0.6574 -0.5347
vn 0.9154 -0.4012 0.0337
vn 0.8216 0.0582 0.5671
vn 0.2631 0.5003 0.8250
vn -0.4419 0.6268 0.6418
vn -0.9844 0.0088 0.1758
vn -0.8118 -0.3265 -0.4841
vn -0.1593 -0.4850 -0.8599
vn 0.6175 -0.3860 -0.6853
vn 0.9777 -0.1279 -0.1668
vn 0.8821 0.1759 0.4370
vn 0.1639 0.4114 0.8966
vn -0.6220 0.3112 0.7185
vn -0.3513 0.3207 0.8796
vn 0.5203 0.2768 0.8079
vn 0.9708 0.0337 0.2375
vn 0.9379 -0.1771 -0.2982
vn 0.4818 -0.3660 -0.7962
vn -0.3007 -0.3913 -0.8697
vn -0.8852 -0.2166 -0.4117
vn -0.9385 0.0960 0.3316
vn -0.9468 0.2863 -0.1470
vn -0.5374 -0.0597 -0.8412
vn 0.1331 -0.3353 -0.9327
vn 0.7265 -0.4380 -0.5295
vn 0.9439 -0.3226 0.0711
vn 0.7250 -0.0638 0.6858
vn 0.0898 0.2532 0.9632
vn -0.5951 0.4175 0.6867
vn -0.9908 -0.1176 0.0662
vn -0.6759 -0.3103 -0.6685
vn 0.0778 -0.3221 -0.9435
vn 0.7796 -0.1543 -0.6070
vn 0.9981 0.0273 -0.0556
vn 0.8184 0.1765 0.5469
vn 0.1575 0.2454 0.9565
vn -0.6077 0.1282 0.7837
vn -0.5207 -0.0072 0.8537
vn 0.2863 -0.0902 0.9539
vn 0.8601 -0.1387 0.4910
vn 0.9846 -0.1528 -0.0847
vn 0.5852 -0.0899 -0.8059
vn -0.2659 0.0259 -0.9637
vn -0.8486 0.0757 -0.5237
vn -0.9691 0.0576 0.2399
vn -0.9599 0.2746 0.0566
vn -0.6624 0.0993 0.7426
vn 0.1204 -0.2201 0.9680
vn 0.7777 -0.3695 0.5086
vn 0.9387 -0.3339 -0.0858
vn 0.6522 -0.1594 -0.7411
vn -0.0377 0.0684 -0.9969
vn -0.6811 0.2343 -0.6937
vn -0.3860 0.2348 0.8921
vn -0.9247 -0.0266 0.3797
vn -0.9690 -0.1805 -0.1687
vn -0.9610 -0.1969 -0.1942
vn -0.8458 -0.4979 0.1918
vn -0.4207 -0.6084 0.6730
vn -0.0978 -0.3583 0.9285
vn -0.1364 0.1029 0.9853
vn 0.1108 -0.9917 -0.0654
vn 0.6095 -0.7910 -0.0525
vn 0.6739 -0.6786 0.2923
vn 0.7169 -0.4351 0.5447
vn 0.3676 -0.4533 0.8121
vn -0.7306 -0.0330 0.6820
vn -0.9965 -0.0839 0.0040
vn -0.8000 -0.0526 -0.5977
vn -0.5529 -0.1014 -0.8270
vn -0.4171 -0.5796 -0.7001
vn -0.5119 -0.8517 -0.1120
vn -0.7008 -0.5715 0.4269
vn -0.7062 -0.1595 0.6898
vn -0.8845 -0.3554 -0.3023
vn -0.9399 -0.1293 0.3161
vn -0.6196 0.1298 0.7741
vn -0.4295 0.0448 0.9020
vn -0.3218 -0.3744 0.8697
vn -0.4087 -0.7408 0.5331
vn -0.5778 -0.8147 -0.0495
vn -0.7434 -0.5237 -0.4161
vn 0.1486 0.3053 0.9406
vn 0.2525 0.0511 0.9663
vn 0.8499 0.2004 0.4874
vn 0.8298 -0.0604 0.5548
vn -0.2122 -0.4827 -0.8497
vn -0.1083 -0.6936 -0.7122
vn 0.6626 -0.2941 -0.6888
vn 0.6752 -0.5361 -0.5067
vn 0.9914 -0.0291 -0.1272
vn 0.9591 -0.2825 0.0195
vn 0.2417 -0.4709 0.8484
vn 0.7026 -0.4182 0.5758
vn 0.7103 -0.6622 0.2386
vn 0.5914 -0.7860 -0.1801
vn 0.0186 -0.9820 -0.1877
vn -0.6196 -0.3563 -0.6994
vn 0.2303 -0.3939 -0.8898
vn 0.8761 -0.1815 -0.4468
vn 0.9853 0.0694 0.1560
vn 0.5867 0.2958 0.7539
vn 0.6181 -0.0325 0.7855
vn 0.9315 -0.2524 0.2618
vn 0.8048 -0.4944 -0.3285
vn 0.1512 -0.6602 -0.7357
vn -0.6612 -0.4904 -0.5677
vn -0.4936 -0.8654 -0.0862
vn 0.0890 -0.9449 -0.3151
vn 0.4959 -0.8662 0.0618
vn 0.6856 -0.6188 0.3834
vn 0.3987 -0.5677 0.7203
vn -0.3916 -0.1494 -0.9080
vn 0.5136 -0.1851 -0.8378
vn 0.9676 -0.1745 -0.1823
vn 0.8676 -0.1220 0.4820
vn 0.1794 -0.0642 0.9817
vn 0.0448 -0.3579 0.9327
vn 0.7526 -0.4379 0.4919
vn 0.8774 -0.4590 -0.1396
vn 0.5230 -0.4443 -0.7274
vn -0.2560 -0.3023 -0.9182
vn -0.0248 -0.7757 -0.6306
vn 0.4718 -0.7402 -0.4791
vn 0.5712 -0.8199 -0.0388
vn 0.5310 -0.7430 0.4074
vn -0.0755 -0.8018 0.5928
vn -0.5950 0.5764 0.5601
vn -0.6956 0.4895 0.5258
vn -0.5367 0.2664 0.8006
vn 0.0603 0.0699 0.9957
vn 0.6748 0.0872 0.7328
vn 0.8566 0.2947 0.4235
vn 0.7126 0.4709 0.5201
vn 0.0284 0.6988 0.7147
vn -0.6588 0.5272 0.5367
vn -0.0270 0.6402 0.7677
vn 0.6757 0.4565 0.5789
vn 0.0077 0.8046 0.5938
vn -0.7392 0.1992 0.6434
vn -0.4227 0.4145 0.8059
vn -0.2987 0.4050 0.8642
vn -0.3379 0.6756 0.6553
vn 0.3215 -0.9075 0.2703
vn -0.4733 -0.7988 0.3713
vn -0.9130 -0.0823 0.3995
vn -0.0952 -0.9833 -0.1554
vn 0.9155 -0.3442 0.2081
vn 0.5021 -0.7876 -0.3571
vn -0.6509 -0.7124 -0.2622
vn -0.9806 0.0074 0.1961
vn -0.9979 0.0587 0.0264
vn -0.6524 -0.5712 -0.4982
vn -0.0241 -0.7640 -0.6448
vn 0.5603 -0.6309 -0.5368
vn 0.9953 -0.0960 -0.0088
vn -0.9421 -0.0783 0.3259
vn -0.7295 0.4881 0.4792
vn -0.1030 0.7911 0.6029
vn 0.5764 0.6085 0.5455
vn 0.9481 0.0575 0.3128
vn 0.8272 -0.5573 0.0720
vn 0.3256 -0.9455 0.0057
vn -0.5827 -0.7980 0.1540
vn 0.9962 0.0042 0.0865
vn 0.7364 -0.5256 -0.4261
vn 0.0919 -0.7446 -0.6612
vn -0.6556 -0.5023 -0.5638
vn -0.9929 0.0340 -0.1136
vn -0.7803 0.4847 0.3952
vn -0.1206 0.7166 0.6870
vn 0.6153 0.5408 0.5736
vn 0.6546 0.5117 0.5565
vn 0.9997 -0.0047 -0.0236
vn 0.6389 -0.5343 -0.5535
vn 0.0232 -0.7043 -0.7095
vn -0.6424 -0.4750 -0.6014
vn -0.9898 0.0877 -0.1124
vn -0.7430 0.5124 0.4307
vn -0.0924 0.6832 0.7243
vn -0.0127 0.9150 0.4033
vn -0.5465 0.6997 0.4602
vn -0.5751 0.6715 0.4674
vn -0.5472 0.6632 0.5106
vn 0.0195 0.4015 0.9157
vn 0.6085 -0.4880 0.6258
vn -0.0869 -0.9281 0.3620
vn -0.6001 -0.2540 0.7585
vn -0.6044 -0.7964 0.0210
vn 0.4315 -0.8958 -0.1069
vn 0.9775 -0.2029 0.0577
vn -0.0624 -0.9087 -0.4128
vn -0.6001 0.7136 0.3615
vn -0.5780 0.6969 0.4245
vn -0.5698 0.6955 0.4378
vn -0.8424 0.5343 0.0699
vn -0.8266 0.5406 0.1562
vn -0.7946 0.5505 0.2558
vn -0.8670 0.4982 -0.0115
vn -0.8783 0.4737 0.0639
vn -0.8797 0.4638 0.1053
vn -0.9128 0.2941 -0.2832
vn -0.9239 0.2855 -0.2546
vn -0.9249 0.3057 -0.2261
vn -0.8760 0.2362 -0.4205
vn -0.8778 0.1925 -0.4386
vn -0.8663 0.1912 -0.4615
vn -0.7465 0.1414 -0.6502
vn -0.7599 0.0890 -0.6440
vn -0.7186 0.1110 -0.6865
vn -0.5841 0.0032 -0.8117
vn -0.5751 -0.0154 -0.8179
vn -0.4910 0.0307 -0.8706
vn -0.2619 -0.2260 -0.9383
vn -0.2137 -0.1847 -0.9593
vn -0.1425 -0.1047 -0.9842
vn 0.3304 -0.5097 -0.7943
vn 0.2843 -0.4008 -0.8709
vn 0.2608 -0.3068 -0.9153
vn 0.7569 -0.5934 -0.2738
vn 0.6839 -0.5698 -0.4556
vn 0.6500 -0.5076 -0.5655
vn 0.8560 -0.4776 0.1977
vn 0.8158 -0.5575 0.1536
vn 0.8268 -0.5617 0.0310
vn 0.8603 -0.3936 0.3241
vn 0.7668 -0.5127 0.3862
vn 0.7548 -0.5701 0.3245
vn 0.8688 -0.3800 0.3175
vn 0.7540 -0.5874 0.2939
vn 0.6881 -0.6916 0.2195
vn -0.0310 -0.1748 0.9841
vn -0.3866 -0.4566 0.8013
vn 0.1362 -0.1861 0.9731
vn 0.5551 -0.0701 0.8288
vn 0.5842 0.7349 0.3445
vn 0.2730 0.8511 0.4484
vn 0.6435 0.7111 0.2833
vn 0.4699 0.5421 0.6966
vn 0.7754 0.4865 0.4025
vn 0.6427 0.1962 0.7406
vn 0.8386 0.1292 0.5293
vn 0.0617 -0.5046 -0.8611
vn 0.0343 -0.4590 -0.8878
vn -0.0304 -0.3810 -0.9241
vn -0.3684 -0.3573 -0.8583
vn -0.3187 -0.3915 -0.8632
vn -0.2690 -0.3906 -0.8804
vn 0.9499 0.2057 0.2353
vn 0.9243 0.3653 0.1106
vn 0.9588 0.2734 0.0775
vn 0.9512 0.0159 0.3082
vn -0.2661 -0.3626 -0.8932
vn -0.2554 -0.3079 -0.9165
vn -0.7169 -0.0390 -0.6961
vn 0.9116 -0.3891 0.1325
vn 0.9900 -0.1413 0.0022
vn 0.9904 -0.0815 -0.1115
vn -0.6837 -0.1021 -0.7226
vn -0.7080 -0.1045 -0.6984
vn 0.7996 -0.4459 0.4023
vn 0.7999 -0.5965 0.0662
vn 0.8078 -0.5847 -0.0748
vn 0.8418 -0.5338 -0.0800
vn -0.8985 0.4332 0.0703
vn -0.9225 0.2112 -0.3230
vn 0.5961 -0.7923 -0.1303
vn 0.5868 -0.7929 -0.1641
vn 0.5640 -0.8250 0.0344
vn 0.4362 -0.6914 0.5759
vn 0.3624 -0.7427 0.5631
vn 0.2226 -0.8885 0.4013
vn -0.9188 0.1871 -0.3475
vn 0.6193 -0.7757 0.1214
vn 0.4105 -0.9023 0.1316
vn 0.4296 -0.9027 0.0241
vn 0.3953 -0.9103 -0.1230
vn 0.5282 -0.8437 -0.0958
vn 0.8178 -0.5722 -0.0616
vn 0.3902 -0.9158 -0.0955
vn 0.5458 -0.8223 -0.1607
vn 0.8205 -0.5508 -0.1532
vn 0.1925 0.4770 0.8575
vn 0.3314 0.2575 0.9077
vn -0.7599 -0.0599 -0.6473
vn -0.7967 -0.0283 -0.6037
vn -0.9704 0.1451 -0.1930
vn -0.8261 0.3974 0.3996
vn -0.8434 0.3424 0.4141
vn -0.9091 0.3559 0.2166
vn -0.9148 0.3061 0.2634
vn -0.8587 0.3001 0.4153
vn -0.9680 0.1572 -0.1956
vn -0.9738 0.1387 -0.1802
vn -0.9775 0.1642 -0.1323
vn -0.9167 0.2782 0.2869
vn -0.9703 0.2320 -0.0680
vn 0.7004 -0.4469 -0.5566
vn -0.9836 0.1725 -0.0521
vn -0.9914 0.1218 0.0484
vn -0.9806 0.1939 0.0286
vn 0.8432 -0.4172 -0.3391
vn 0.9333 -0.3440 -0.1028
vn 0.9619 -0.2499 0.1107
vn -0.8744 0.0223 -0.4847
vn -0.8581 -0.0934 -0.5049
vn -0.7974 -0.0715 -0.5992
vn -0.6441 -0.1649 -0.7470
vn -0.5927 -0.2139 -0.7765
vn -0.5218 -0.2492 -0.8159
vn -0.6564 -0.0354 -0.7535
vn -0.6069 -0.1539 -0.7798
vn -0.4918 -0.1986 -0.8477
vn -0.4653 -0.2516 -0.8487
vn -0.4283 -0.2094 -0.8790
vn 0.6923 0.0614 0.7190
vn -0.7709 0.1784 -0.6115
vn -0.5301 0.0524 -0.8463
vn 0.6420 0.0149 0.7666
vn 0.8531 -0.4958 0.1625
vn 0.8513 -0.4239 0.3092
vn 0.6816 0.0390 0.7307
vn 0.6586 0.0075 0.7525
vn -0.4027 -0.0781 -0.9120
vn -0.3339 -0.1480 -0.9309
vn -0.2626 -0.2390 -0.9348
vn 0.6262 -0.0647 0.7770
vn 0.6136 -0.1147 0.7813
vn -0.1345 -0.1418 -0.9807
vn -0.0938 -0.1485 -0.9845
vn -0.0662 -0.2456 -0.9671
vn 0.2003 -0.2153 -0.9558
vn 0.2963 -0.1779 -0.9384
vn 0.3318 -0.2978 -0.8951
vn 0.6149 -0.3151 -0.7229
vn 0.7177 -0.1606 -0.6776
vn 0.7497 -0.2779 -0.6007
vn 0.8577 -0.4319 -0.2789
vn 0.8199 -0.5723 -0.0155
vn 0.6901 -0.7216 -0.0552
vn 0.8702 -0.4696 -0.1489
vn 0.9481 -0.2890 -0.1324
vn 0.9297 -0.1717 -0.3258
vn 0.9256 -0.2210 -0.3072
vn 0.9673 -0.1487 -0.2057
vn 0.9551 -0.2089 -0.2102
vn -0.0122 -0.8945 0.4468
vn 0.1895 -0.8482 0.4947
vn -0.0055 -1.0000 -0.0049
vn 0.1373 -0.8803 0.4541
vn -0.0068 -0.4296 0.9030
vn 0.0290 -0.5405 -0.8408
vn -0.0023 -0.5373 -0.8434
vn 0.3640 -0.6359 -0.6806
vn 0.3655 -0.6232 -0.6914
vn 0.3939 -0.5728 -0.7188
vn 0.4133 -0.5294 -0.7409
vn 0.4353 -0.4706 -0.7675
vn 0.4437 0.1961 0.8745
vn 0.4758 0.1732 0.8624
vn 0.4824 0.1244 0.8671
vn 0.4671 0.0346 0.8835
vn 0.4638 -0.0164 0.8858
vn 0.7739 -0.4959 -0.3938
vn 0.7229 -0.5409 -0.4299
vn 0.6787 -0.5873 -0.4410
vn 0.6532 -0.6294 -0.4210
vn 0.6571 -0.6385 -0.4007
vn 0.8628 -0.4081 0.2984
vn 0.8692 -0.4893 -0.0717
vn 0.8757 -0.4798 -0.0539
vn 0.8805 -0.4710 0.0536
vn -0.8630 0.2845 0.4175
vn -0.8337 0.2999 0.4637
vn -0.7720 0.3227 0.5475
vn -0.6967 0.3364 0.6336
vn -0.6282 0.3204 0.7090
vn -0.8058 0.3017 0.5096
vn -0.8515 0.2984 0.4311
vn -0.9005 0.2683 0.3423
vn -0.9262 0.2491 0.2832
vn -0.9256 0.2595 0.2756
vn 0.9357 -0.2130 0.2813
vn 0.9070 -0.3098 0.2854
vn 0.8802 -0.3444 0.3265
vn 0.8613 -0.3546 0.3639
vn 0.8407 -0.3712 0.3943
vn 0.7393 -0.2231 0.6353
vn 0.7591 -0.1829 0.6248
vn 0.7916 -0.1471 0.5931
vn 0.8195 -0.1124 0.5619
vn 0.8365 -0.0600 0.5447
vn -0.4465 0.4005 0.8001
vn -0.4164 0.3295 0.8474
vn -0.3563 0.3539 0.8648
vn -0.2389 0.3568 0.9031
vn -0.1188 0.3014 0.9461
vn -0.0368 0.2309 0.9723
vn 0.0187 0.1879 0.9820
vn -0.5243 0.5032 0.6870
vn -0.0916 0.4304 0.8980
vn -0.0241 0.2998 0.9537
vn 0.0722 0.3053 0.9495
vn 0.1614 0.2882 0.9439
vn 0.2327 0.2208 0.9471
vn 0.2632 0.1286 0.9561
vn 0.2821 0.0798 0.9561
vn -0.2364 0.6638 0.7096
vn 0.4742 -0.8111 0.3424
vn -0.4031 -0.4411 0.8018
vn -0.8337 0.1826 0.5211
vn 0.4247 -0.9009 0.0889
vn -0.4683 -0.7585 -0.4531
vn -0.8178 -0.1193 -0.5631
vn -0.7179 0.3214 0.6175
vn -0.6477 0.6493 0.3986
vn -0.7155 0.6419 0.2757
vn -0.8087 0.5808 0.0930
vn -0.9460 0.3052 0.1092
vn -0.9191 0.2468 -0.3073
vn -0.9101 0.2526 -0.3286
vn -0.9141 0.2479 -0.3208
vn -0.9186 0.2498 -0.3064
vn -0.9738 0.1022 -0.2034
vn -0.9862 0.0218 -0.1642
vn -0.9670 0.0912 -0.2379
vn -0.9212 0.1357 -0.3647
vn -0.8974 0.0669 -0.4361
vn -0.8838 0.0418 -0.4661
vn -0.8881 0.0681 -0.4546
vn -0.8991 0.0652 -0.4329
vn -0.7110 0.3681 0.5992
vn -0.6935 0.3321 0.6393
vn -0.6097 0.3531 0.7096
vn -0.5005 0.3421 0.7953
vn -0.4084 0.3183 0.8555
vn -0.3304 0.2854 0.8996
vn -0.6959 0.4266 0.5777
vn 0.1952 0.4235 0.8846
vn 0.6835 -0.7055 0.1874
vn -0.3349 0.5609 0.7571
vn 0.6708 -0.0113 0.7416
vn 0.6757 -0.6983 -0.2362
vn -0.1002 -0.1374 -0.9854
vn 0.6749 -0.7246 0.1396
vn -0.5058 0.1191 -0.8544
vn 0.3979 -0.5137 -0.7601
vn 0.8194 -0.4419 0.3650
vn -0.8428 0.3974 0.3629
vn -0.9481 0.3049 0.0905
vn -0.9113 0.2982 0.2839
vn -0.8676 0.2001 -0.4553
vn -0.9367 0.1763 -0.3026
vn -0.9109 0.0640 -0.4076
vn -0.9758 0.1279 -0.1773
vn -0.9794 0.1813 0.0891
vn 0.7170 -0.6773 0.1649
vn 0.7814 -0.6105 0.1296
vn 0.7672 -0.6407 0.0296
vn 0.7277 -0.6172 0.2991
vn 0.7788 -0.5751 0.2504
vn 0.7908 -0.6120 0.0104
vn -0.2861 0.6218 0.7290
vn 0.1498 0.4292 0.8907
vn 0.3554 -0.5113 -0.7825
vn -0.2002 -0.1996 -0.9592
vn -0.7095 0.5973 0.3739
vn -0.8991 0.4378 0.0032
vn -0.8775 0.4606 0.1339
vn -0.9181 0.2504 -0.3074
vn 0.8668 -0.3603 0.3447
vn 0.7547 -0.5988 -0.2682
vn -0.4948 0.6463 0.5808
vn -0.1817 0.3547 0.9172
vn -0.5906 0.6993 0.4027
vn -0.8375 0.5397 0.0859
vn -0.8670 0.4978 0.0221
vn -0.9189 0.2954 -0.2614
vn -0.8717 0.2083 -0.4434
vn -0.7664 0.0903 -0.6360
vn -0.6089 -0.0301 -0.7926
vn -0.2630 -0.2239 -0.9384
vn 0.3016 -0.4770 -0.8255
vn 0.7125 -0.6158 -0.3364
vn 0.8117 -0.5430 0.2152
vn 0.8021 -0.4663 0.3732
vn 0.8132 -0.4839 0.3232
vn 0.3327 -0.1967 0.9223
vn 0.7258 -0.6781 -0.1159
vn 0.6619 -0.7397 -0.1214
vn 0.6363 -0.7654 0.0967
vn 0.5877 -0.6131 0.5280
vn -0.9053 0.2657 -0.3315
vn -0.7695 0.6147 0.1732
vn 0.2784 0.5207 0.8071
vn -0.9055 0.4099 0.1101
vn -0.8543 -0.1228 -0.5051
vn -0.2661 -0.6230 -0.7356
vn 0.5303 -0.7018 -0.4757
vn 0.9366 -0.3483 0.0379
vn 0.8242 0.1210 0.5533
vn -0.3864 0.6467 0.6576
vn -0.1216 -0.4019 -0.9076
vn -0.9116 0.4100 0.0293
vn -0.3830 0.5481 0.7436
vn 0.3473 0.3085 0.8855
vn 0.8757 -0.0826 0.4757
vn 0.9203 -0.3774 -0.1028
vn 0.5357 -0.5322 -0.6557
vn -0.6959 -0.0569 -0.7159
vn 0.6648 -0.1561 -0.7306
vn -0.9225 0.3787 -0.0754
vn -0.7755 0.2025 0.5980
vn -0.0622 -0.2022 0.9774
vn 0.7507 -0.3973 0.5279
vn 0.9361 -0.3340 -0.1104
vn 0.0465 0.0964 -0.9943
vn -0.5652 0.3022 -0.7676
vn 0.9050 -0.4070 -0.1240
vn 0.9363 -0.2767 -0.2163
vn 0.9490 -0.0466 0.3119
vn 0.8928 -0.1066 0.4376
vn 0.4818 0.2577 0.8375
vn 0.4026 0.2834 0.8704
vn -0.9514 0.1545 0.2663
vn -0.9451 0.2952 0.1402
vn -0.7680 -0.1276 -0.6276
vn -0.8346 -0.2131 -0.5079
vn -0.1811 -0.4379 -0.8806
vn -0.1332 -0.4344 -0.8908
vn 0.5602 -0.4444 -0.6991
vn 0.5343 -0.5430 -0.6478
vn -0.3732 0.4681 0.8010
vn -0.3501 0.3655 0.8625
vn 0.8929 0.1233 0.4331
vn 0.8559 0.0565 0.5140
vn -0.1822 -0.5750 -0.7976
vn -0.1385 -0.5614 -0.8159
vn -0.9833 0.0554 0.1732
vn -0.9636 0.2432 0.1113
vn 0.2442 0.4525 0.8577
vn 0.2210 0.4084 0.8857
vn 0.9325 -0.3607 -0.0187
vn 0.9694 -0.2007 -0.1411
vn 0.6072 -0.4798 -0.6334
vn 0.5488 -0.6316 -0.5476
vn -0.8148 -0.2160 -0.5380
vn -0.8001 -0.3410 -0.4935
vn -0.5189 0.5093 0.6866
vn -0.5792 0.3582 0.7323
vn 0.9812 -0.1065 -0.1611
vn 0.9654 -0.1839 -0.1848
vn 0.9815 -0.1144 -0.1535
vn 0.9993 0.0265 -0.0251
vn 0.9607 -0.2469 -0.1271
vn 0.9868 -0.1366 0.0874
vn 0.8794 -0.4230 0.2184
vn 0.8694 -0.4939 0.0140
vn 0.7016 -0.6922 0.1692
vn 0.6312 -0.7756 -0.0092
vn 0.5753 -0.8169 0.0399
vn 0.4445 -0.8936 -0.0632
vn 0.8157 -0.5408 -0.2055
vn 0.8095 -0.5455 -0.2170
vn 0.5478 -0.8100 -0.2094
vn 0.5778 -0.7939 -0.1895
vn 0.8881 -0.4580 0.0382
vn 0.8879 -0.4117 0.2054
vn 0.8384 -0.5450 -0.0029
vn 0.8418 -0.5386 -0.0352
vn 0.8534 -0.5176 -0.0621
vn 0.8779 -0.4737 -0.0700
vn 0.9086 -0.4115 -0.0715
vn 0.5275 -0.7629 0.3739
vn 0.4867 -0.8714 0.0614
vn -0.4740 -0.3957 0.7866
vn -0.4768 -0.7818 -0.4019
vn -0.9431 -0.0747 -0.3240
vn -0.9654 0.1933 0.1747
vn -0.9025 0.3886 -0.1856
vn -0.9117 0.3537 -0.2093
vn -0.9279 0.3520 -0.1225
vn -0.9135 0.4030 -0.0563
vn -0.9238 0.3655 -0.1141
vn -0.9124 0.4092 -0.0080
vn -0.9700 0.2422 0.0184
vn -0.9463 0.3069 0.1016
vn -0.9696 0.2003 0.1402
vn -0.9471 0.2598 0.1883
vn -0.9563 0.2385 0.1690
vn -0.9374 0.2604 0.2315
vn -0.9570 0.2635 0.1214
vn -0.9417 0.2635 0.2094
vn -0.9743 0.2073 0.0876
vn -0.9542 0.2252 0.1971
vn -0.9804 0.1870 0.0627
vn -0.9501 0.2212 0.2198
vn -0.9760 0.2087 0.0615
vn -0.9307 0.2504 0.2665
vn -0.9742 0.2124 0.0768
vn -0.9122 0.2638 0.3136
vn -0.9619 0.1458 -0.2312
vn -0.9722 0.2138 -0.0950
vn 0.8148 -0.5698 0.1069
vn 0.8096 -0.5538 0.1944
vn -0.9275 0.3000 -0.2229
vn -0.9362 0.2966 -0.1885
vn 0.7839 -0.6209 0.0049
vn 0.8095 -0.5453 0.2175
vn -0.9206 0.3535 -0.1661
vn -0.9051 0.4054 -0.1284
vn -0.9941 -0.0867 0.0651
vn -0.7659 0.4090 0.4962
vn -0.1141 0.6676 0.7357
vn 0.5707 0.5010 0.6506
vn 0.9601 -0.0252 0.2786
vn 0.7921 -0.5802 -0.1895
vn 0.1622 -0.8552 -0.4923
vn -0.6634 -0.6429 -0.3828
vn -0.8878 0.4315 0.1603
vn -0.9247 0.3794 0.0311
vn -0.6871 0.0621 -0.7239
vn 0.1985 -0.2539 -0.9466
vn -0.1295 -0.1036 -0.9861
vn -0.9404 0.3296 -0.0841
vn 0.8141 -0.5667 -0.1267
vn -0.4815 0.7368 0.4745
vn -0.8667 0.1360 -0.4800
vn -0.9401 0.2163 -0.2635
vn -0.4337 -0.0084 -0.9010
vn -0.6598 0.5439 0.5186
vn -0.5883 0.6055 0.5360
vn 0.5934 -0.4555 -0.6636
vn -0.7945 0.4961 0.3504
vn -0.2509 0.8760 0.4120
vn -0.9464 0.2807 -0.1595
vn 0.9320 0.3053 0.1953
vn 0.7658 -0.6416 0.0435
vn 0.1290 0.9246 0.3585
vn 0.4771 -0.8787 0.0149
vn 0.5795 0.7595 0.2955
vn 0.9667 -0.2393 0.0910
vn 0.2949 -0.9549 -0.0346
vn 0.2819 -0.9557 -0.0851
vn 0.3143 -0.9424 -0.1142
vn 0.3709 -0.9158 -0.1543
vn 0.4782 -0.8722 -0.1028
vn 0.6260 -0.7747 0.0888
vn 0.7537 -0.6335 0.1749
vt 0.312485 0.498445
vt 0.311373 0.497733
vt 0.311567 0.497240
vt 0.312814 0.497727
vt 0.310263 0.496860
vt 0.309931 0.496788
vt 0.309936 0.496621
vt 0.310281 0.496610
vt 0.311278 0.499689
vt 0.310622 0.498596
vt 0.311059 0.498198
vt 0.311974 0.499112
vt 0.310152 0.497941
vt 0.310440 0.497654
vt 0.712607 0.542580
vt 0.688219 0.589795
vt 0.635121 0.534657
vt 0.656182 0.485719
vt 0.317060 0.493327
vt 0.320875 0.492113
vt 0.321874 0.495245
vt 0.317813 0.495504
vt 0.309117 0.500328
vt 0.308889 0.502128
vt 0.306934 0.501715
vt 0.307759 0.500190
vt 0.309236 0.499075
vt 0.310015 0.498920
vt 0.310315 0.500131
vt 0.308374 0.504745
vt 0.307536 0.508468
vt 0.303699 0.506934
vt 0.305601 0.503888
vt 0.312145 0.501417
vt 0.310661 0.501979
vt 0.311397 0.508800
vt 0.314750 0.507995
vt 0.316586 0.513575
vt 0.311722 0.514482
vt 0.309268 0.498227
vt 0.308749 0.498161
vt 0.308970 0.497642
vt 0.309281 0.497680
vt 0.309746 0.498140
vt 0.324008 0.508323
vt 0.319788 0.504186
vt 0.321283 0.501517
vt 0.326342 0.504353
vt 0.308678 0.497502
vt 0.308897 0.497215
vt 0.309091 0.497305
vt 0.315686 0.491417
vt 0.313405 0.493073
vt 0.312091 0.492095
vt 0.313726 0.489906
vt 0.314706 0.498531
vt 0.314149 0.499614
vt 0.311024 0.504748
vt 0.317481 0.499706
vt 0.316551 0.501436
vt 0.310769 0.496981
vt 0.310648 0.497330
vt 0.310185 0.497103
vt 0.313276 0.504085
vt 0.309288 0.497327
vt 0.317562 0.506408
vt 0.320678 0.511496
vt 0.309577 0.497630
vt 0.310750 0.496237
vt 0.311588 0.496101
vt 0.311646 0.496692
vt 0.310806 0.496617
vt 0.309702 0.496752
vt 0.309709 0.496640
vt 0.309404 0.497079
vt 0.309474 0.497294
vt 0.309278 0.497099
vt 0.309150 0.497081
vt 0.309032 0.497021
vt 0.309668 0.496857
vt 0.309527 0.496791
vt 0.309550 0.496722
vt 0.309276 0.496852
vt 0.309272 0.496785
vt 0.309305 0.496779
vt 0.309328 0.496841
vt 0.309434 0.496745
vt 0.309374 0.496719
vt 0.309383 0.496692
vt 0.309449 0.496702
vt 0.413693 0.660687
vt 0.434781 0.707355
vt 0.401987 0.725352
vt 0.385517 0.677091
vt 0.309374 0.496817
vt 0.309410 0.496783
vt 0.309486 0.496852
vt 0.309428 0.496902
vt 0.309556 0.496649
vt 0.327380 0.495081
vt 0.327513 0.499802
vt 0.322010 0.498464
vt 0.306283 0.513871
vt 0.309272 0.496949
vt 0.309188 0.496937
vt 0.309221 0.496846
vt 0.293336 0.495820
vt 0.295084 0.490274
vt 0.299070 0.492577
vt 0.298132 0.496403
vt 0.301497 0.496930
vt 0.301985 0.494318
vt 0.303291 0.502031
vt 0.305203 0.500612
vt 0.304199 0.495369
vt 0.303914 0.497172
vt 0.305627 0.497406
vt 0.305748 0.496084
vt 0.306961 0.496387
vt 0.306885 0.497290
vt 0.308307 0.496925
vt 0.308650 0.496842
vt 0.308734 0.497051
vt 0.308439 0.497250
vt 0.309011 0.496757
vt 0.309000 0.496661
vt 0.309091 0.496672
vt 0.309100 0.496734
vt 0.309271 0.496491
vt 0.309269 0.496554
vt 0.309226 0.496562
vt 0.309208 0.496503
vt 0.309854 0.493236
vt 0.308525 0.493306
vt 0.308449 0.491522
vt 0.310395 0.491499
vt 0.303385 0.491814
vt 0.301249 0.489124
vt 0.304660 0.486587
vt 0.305721 0.489865
vt 0.308508 0.488946
vt 0.308756 0.485436
vt 0.312720 0.485653
vt 0.311241 0.489029
vt 0.314360 0.494320
vt 0.311903 0.494240
vt 0.312546 0.495028
vt 0.308327 0.495537
vt 0.307946 0.495992
vt 0.307295 0.495563
vt 0.307888 0.494897
vt 0.310997 0.493614
vt 0.307258 0.493888
vt 0.306567 0.492249
vt 0.306297 0.494882
vt 0.305060 0.493661
vt 0.309000 0.495749
vt 0.309087 0.496072
vt 0.308868 0.496198
vt 0.308644 0.495936
vt 0.306509 0.499620
vt 0.308289 0.497945
vt 0.307942 0.497573
vt 0.307772 0.496531
vt 0.308298 0.496581
vt 0.307754 0.497078
vt 0.312904 0.495954
vt 0.314895 0.495764
vt 0.314993 0.497239
vt 0.312970 0.496892
vt 0.311353 0.495520
vt 0.318998 0.489305
vt 0.309261 0.480746
vt 0.314866 0.481233
vt 0.300495 0.504087
vt 0.298648 0.500337
vt 0.301910 0.499535
vt 0.317934 0.497704
vt 0.316240 0.487064
vt 0.319732 0.483373
vt 0.323447 0.486582
vt 0.298495 0.485484
vt 0.305824 0.498621
vt 0.304183 0.498957
vt 0.310046 0.497327
vt 0.310582 0.495869
vt 0.310312 0.495552
vt 0.310933 0.495017
vt 0.300966 0.511502
vt 0.310233 0.496358
vt 0.309880 0.496951
vt 0.309936 0.495929
vt 0.309694 0.495778
vt 0.309931 0.495311
vt 0.309516 0.497029
vt 0.309643 0.497221
vt 0.310327 0.494627
vt 0.308357 0.498966
vt 0.307591 0.498640
vt 0.308870 0.496793
vt 0.308929 0.496924
vt 0.308639 0.496616
vt 0.308858 0.496644
vt 0.309838 0.497510
vt 0.309605 0.496952
vt 0.309786 0.497103
vt 0.309112 0.496899
vt 0.308409 0.496246
vt 0.308709 0.496391
vt 0.309380 0.496525
vt 0.309329 0.496500
vt 0.309366 0.496410
vt 0.309442 0.496449
vt 0.309542 0.496338
vt 0.309628 0.496423
vt 0.309501 0.496506
vt 0.309820 0.496305
vt 0.309901 0.496458
vt 0.309684 0.496527
vt 0.310115 0.496126
vt 0.309697 0.496175
vt 0.309555 0.494409
vt 0.308693 0.494483
vt 0.309355 0.496937
vt 0.309386 0.496663
vt 0.309453 0.496656
vt 0.309127 0.496785
vt 0.309169 0.496823
vt 0.309050 0.496836
vt 0.308902 0.496492
vt 0.309151 0.496674
vt 0.309158 0.496714
vt 0.309003 0.496359
vt 0.309148 0.496277
vt 0.309183 0.496414
vt 0.309090 0.496470
vt 0.309372 0.495703
vt 0.309426 0.495188
vt 0.309203 0.496769
vt 0.309237 0.496783
vt 0.309430 0.496279
vt 0.309538 0.496575
vt 0.309334 0.496764
vt 0.309176 0.496746
vt 0.309026 0.496559
vt 0.309106 0.496604
vt 0.309147 0.496543
vt 0.309419 0.496563
vt 0.309342 0.496578
vt 0.309309 0.496560
vt 0.309444 0.496608
vt 0.309381 0.496632
vt 0.309366 0.496603
vt 0.309278 0.496397
vt 0.309297 0.496255
vt 0.367610 0.738923
vt 0.378928 0.793208
vt 0.336475 0.805336
vt 0.329546 0.747483
vt 0.486122 0.569124
vt 0.526297 0.614854
vt 0.498079 0.653151
vt 0.464381 0.608838
vt 0.568269 0.913641
vt 0.516835 0.938226
vt 0.498405 0.872853
vt 0.546655 0.848365
vt 0.355924 0.688115
vt 0.322175 0.694304
vt 0.162761 0.425194
vt 0.107992 0.514221
vt 0.020667 0.455419
vt 0.107691 0.381612
vt 0.273253 0.346442
vt 0.259894 0.318911
vt 0.332730 0.321694
vt 0.330504 0.339770
vt 0.377947 0.348934
vt 0.390101 0.340824
vt 0.529717 0.488466
vt 0.569625 0.529056
vt 0.550679 0.570401
vt 0.499696 0.506722
vt 0.325999 0.490551
vt 0.309186 0.496589
vt 0.309357 0.496743
vt 0.309160 0.496630
vt 0.313290 0.500596
vt 0.307098 0.498100
vt 0.293683 0.501749
vt 0.189246 0.341158
vt 0.214779 0.373685
vt 0.566358 0.667577
vt 0.533139 0.704475
vt 0.616835 0.581995
vt 0.594196 0.625430
vt 0.183758 0.655032
vt 0.168396 0.726373
vt 0.101699 0.690155
vt 0.133628 0.608195
vt 0.456527 0.430575
vt 0.506541 0.419804
vt 0.309532 0.496081
vt 0.308862 0.495252
vt 0.296507 0.507321
vt 0.441849 0.360536
vt 0.422237 0.373518
vt 0.309324 0.496038
vt 0.303479 0.482165
vt 0.160877 0.806597
vt 0.081719 0.788258
vt 0.315130 0.502940
vt 0.234462 0.681662
vt 0.281258 0.693345
vt 0.283253 0.751137
vt 0.229064 0.745815
vt 0.439976 0.638339
vt 0.467006 0.683567
vt 0.140933 0.262358
vt 0.227784 0.239518
vt 0.581136 0.479299
vt 0.228545 0.815906
vt 0.234727 0.893251
vt 0.162365 0.893683
vt 0.418573 0.777510
vt 0.334931 0.167810
vt 0.321985 0.246973
vt 0.220217 0.161576
vt 0.474601 0.316250
vt 0.543047 0.370184
vt 0.405130 0.277090
vt 0.039850 0.301285
vt 0.495170 0.733371
vt 0.456742 0.757796
vt 0.360257 0.935004
vt 0.408219 0.914481
vt 0.428460 0.977940
vt 0.385605 0.999916
vt 0.287516 0.813519
vt 0.601467 0.430540
vt 0.678868 0.739837
vt 0.636988 0.680551
vt 0.665651 0.636847
vt 0.707653 0.698970
vt 0.596424 0.820608
vt 0.619334 0.884129
vt 0.478121 0.812557
vt 0.522294 0.788866
vt 0.453605 0.894385
vt 0.471500 0.958183
vt 0.688646 0.436737
vt 0.642788 0.376679
vt 0.391421 0.851661
vt 0.345601 0.867640
vt 0.568400 0.762015
vt 0.084121 0.886878
vt 0.112369 0.174729
vt 0.000084 0.206425
vt 0.606695 0.724552
vt 0.644656 0.785040
vt 0.435382 0.833620
vt 0.000084 0.756236
vt 0.029880 0.635793
vt 0.294919 0.881230
vt 0.442623 0.202712
vt 0.594214 0.318889
vt 0.528205 0.258604
vt 0.218928 0.086949
vt 0.372364 0.083117
vt 0.198651 0.011666
vt 0.322330 0.000084
vt 0.308334 0.951028
vt 0.094731 0.094863
vt 0.070985 0.015274
vt 0.343206 0.643371
vt 0.369289 0.634246
vt 0.333120 0.509078
vt 0.329511 0.514676
vt 0.414671 0.598631
vt 0.432649 0.571845
vt 0.445431 0.536011
vt 0.443828 0.488283
vt 0.417511 0.442397
vt 0.383898 0.412124
vt 0.352491 0.387538
vt 0.314472 0.378202
vt 0.301641 0.476332
vt 0.309644 0.474528
vt 0.273091 0.379183
vt 0.228325 0.396181
vt 0.189432 0.439919
vt 0.170880 0.494759
vt 0.179283 0.555228
vt 0.290619 0.512038
vt 0.286854 0.503894
vt 0.208801 0.601118
vt 0.245493 0.629015
vt 0.254347 0.967449
vt 0.282140 0.642984
vt 0.311861 0.522715
vt 0.304296 0.521712
vt 0.318668 0.521739
vt 0.315141 0.646507
vt 0.334079 0.604732
vt 0.311739 0.606084
vt 0.328650 0.573257
vt 0.311151 0.574071
vt 0.324625 0.549638
vt 0.311687 0.550878
vt 0.321199 0.533266
vt 0.311806 0.534415
vt 0.286751 0.601841
vt 0.292284 0.570669
vt 0.297486 0.548323
vt 0.301466 0.532711
vt 0.296864 0.518176
vt 0.291109 0.527653
vt 0.283179 0.541024
vt 0.272579 0.560855
vt 0.259736 0.589193
vt 0.282349 0.518838
vt 0.270979 0.528625
vt 0.255261 0.543295
vt 0.234467 0.565876
vt 0.218445 0.531981
vt 0.245085 0.519344
vt 0.263889 0.511679
vt 0.277248 0.506925
vt 0.286545 0.495304
vt 0.277229 0.494505
vt 0.264070 0.493857
vt 0.245645 0.493812
vt 0.218565 0.494336
vt 0.289239 0.487268
vt 0.281404 0.483526
vt 0.270616 0.478646
vt 0.255826 0.472230
vt 0.232482 0.462391
vt 0.294614 0.480760
vt 0.288959 0.474407
vt 0.281413 0.466815
vt 0.271398 0.456671
vt 0.255581 0.439373
vt 0.299146 0.468653
vt 0.295228 0.458544
vt 0.289629 0.445982
vt 0.281502 0.426963
vt 0.308578 0.421345
vt 0.309788 0.441341
vt 0.310408 0.455606
vt 0.310165 0.466321
vt 0.317664 0.475416
vt 0.321258 0.467725
vt 0.325431 0.457289
vt 0.330271 0.443340
vt 0.336232 0.425011
vt 0.324574 0.478606
vt 0.330724 0.471948
vt 0.338627 0.462665
vt 0.348942 0.450526
vt 0.362630 0.435456
vt 0.329695 0.483212
vt 0.337941 0.478230
vt 0.349316 0.471551
vt 0.364798 0.462856
vt 0.386730 0.452886
vt 0.333233 0.488882
vt 0.343157 0.486461
vt 0.357098 0.483927
vt 0.376806 0.481662
vt 0.404786 0.481687
vt 0.335137 0.495532
vt 0.345900 0.496534
vt 0.360907 0.499165
vt 0.381592 0.504907
vt 0.409480 0.515478
vt 0.335091 0.502559
vt 0.345451 0.506893
vt 0.342259 0.516068
vt 0.354562 0.527145
vt 0.359646 0.514396
vt 0.370705 0.543964
vt 0.378655 0.526664
vt 0.390790 0.568001
vt 0.403051 0.545082
vt 0.393650 0.619122
vt 0.374928 0.585001
vt 0.359630 0.557286
vt 0.346756 0.537413
vt 0.336883 0.523778
vt 0.324525 0.519073
vt 0.329620 0.529735
vt 0.336424 0.545182
vt 0.345145 0.567501
vt 0.355512 0.597759
vt 0.666589 0.851672
vt 0.309266 0.496662
vt 0.309264 0.496654
vt 0.309264 0.496654
vt 0.309264 0.496654
vt 0.309264 0.496654
vt 0.309264 0.496653
vt 0.309264 0.496653
vt 0.309264 0.496654
vt 0.309264 0.496654
vt 0.309264 0.496654
vt 0.309266 0.496662
vt 0.309267 0.496663
vt 0.309267 0.496663
vt 0.309264 0.496655
vt 0.309265 0.496655
vt 0.309264 0.496654
vt 0.309264 0.496653
vt 0.309264 0.496653
vt 0.309264 0.496653
vt 0.309264 0.496653
vt 0.309264 0.496655
vt 0.309265 0.496656
vt 0.309265 0.496656
vt 0.309265 0.496656
vt 0.309265 0.496656
vt 0.309264 0.496654
vt 0.309264 0.496653
vt 0.309264 0.496655
vt 0.309265 0.496656
vt 0.309264 0.496654
vt 0.309264 0.496654
vt 0.309264 0.496655
vt 0.309265 0.496656
vt 0.309264 0.496655
vt 0.309264 0.496654
vt 0.309264 0.496653
vt 0.309264 0.496654
vt 0.309264 0.496654
vt 0.309265 0.496655
vt 0.309265 0.496659
vt 0.309265 0.496658
vt 0.309265 0.496658
vt 0.309265 0.496659
vt 0.309265 0.496659
vt 0.309265 0.496658
vt 0.309265 0.496658
vt 0.309265 0.496658
vt 0.309265 0.496659
vt 0.309265 0.496658
vt 0.309265 0.496659
vt 0.309265 0.496657
vt 0.309265 0.496659
vt 0.309265 0.496657
vt 0.309265 0.496658
vt 0.309266 0.496662
vt 0.309266 0.496662
vt 0.309266 0.496662
vt 0.309266 0.496660
vt 0.309266 0.496660
vt 0.309266 0.496660
vt 0.309266 0.496659
vt 0.309266 0.496661
vt 0.309265 0.496660
vt 0.309266 0.496661
vt 0.309266 0.496661
vt 0.309266 0.496660
vt 0.309266 0.496661
vt 0.309266 0.496660
vt 0.309266 0.496661
vt 0.309266 0.496661
vt 0.309265 0.496659
vt 0.309266 0.496662
vt 0.309266 0.496662
vt 0.309266 0.496662
vt 0.309266 0.496662
vt 0.309266 0.496662
vt 0.309266 0.496662
vt 0.309267 0.496663
vt 0.309267 0.496663
vt 0.309266 0.496663
vt 0.309266 0.496663
vt 0.309267 0.496663
vt 0.309266 0.496663
vt 0.309266 0.496662
vt 0.309266 0.496662
vt 0.309266 0.496662
vt 0.309266 0.496662
vt 0.309266 0.496662
vt 0.309265 0.496657
vt 0.309265 0.496657
vt 0.309265 0.496657
vt 0.309265 0.496656
vt 0.309265 0.496656
vt 0.309265 0.496657
vt 0.309265 0.496657
vt 0.309265 0.496657
vt 0.309266 0.496662
vt 0.309266 0.496662
vt 0.309266 0.496662
vt 0.309263 0.496651
vt 0.309264 0.496652
vt 0.309264 0.496653
vt 0.309264 0.496653
vt 0.309264 0.496653
vt 0.309266 0.496661
vt 0.309266 0.496662
vt 0.309267 0.496663
vt 0.309267 0.496663
vt 0.309267 0.496663
vt 0.309267 0.496663
vt 0.309267 0.496663
vt 0.309267 0.496663
vt 0.309267 0.496663
vt 0.309267 0.496664
vt 0.309267 0.496663
vt 0.309267 0.496663
vt 0.309267 0.496663
vt 0.309267 0.496664
vt 0.309267 0.496664
vt 0.309267 0.496664
vt 0.309267 0.496664
vt 0.309268 0.496664
vt 0.309268 0.496664
vt 0.309267 0.496663
vt 0.309267 0.496664
vt 0.309267 0.496664
vt 0.309267 0.496664
vt 0.309267 0.496664
vt 0.309267 0.496664
vt 0.309267 0.496664
vt 0.309267 0.496665
vt 0.309267 0.496665
vt 0.309267 0.496664
vt 0.309267 0.496664
vt 0.309267 0.496664
vt 0.309267 0.496665
vt 0.309268 0.496666
vt 0.309267 0.496666
vt 0.309267 0.496665
vt 0.309267 0.496664
vt 0.309267 0.496664
vt 0.309266 0.496664
vt 0.309266 0.496664
vt 0.309267 0.496664
vt 0.309267 0.496664
vt 0.309266 0.496664
vt 0.309266 0.496665
vt 0.309266 0.496665
vt 0.309266 0.496664
vt 0.309266 0.496664
vt 0.309266 0.496664
vt 0.309266 0.496665
vt 0.309266 0.496664
vt 0.309266 0.496664
vt 0.309266 0.496664
vt 0.309266 0.496664
vt 0.309266 0.496663
vt 0.309266 0.496664
vt 0.309266 0.496664
vt 0.309266 0.496663
vt 0.309266 0.496664
vt 0.309266 0.496663
vt 0.309266 0.496663
vt 0.309266 0.496664
vt 0.309266 0.496663
vt 0.309266 0.496663
vt 0.309266 0.496663
vt 0.309266 0.496663
vt 0.309266 0.496663
vt 0.309266 0.496663
vt 0.309266 0.496663
vt 0.309267 0.496663
vt 0.309267 0.496663
vt 0.309267 0.496663
vt 0.309267 0.496663
vt 0.309267 0.496663
vt 0.309267 0.496663
vt 0.309267 0.496664
vt 0.309267 0.496664
vt 0.309268 0.496663
vt 0.309268 0.496663
vt 0.309269 0.496664
vt 0.309268 0.496664
vt 0.309270 0.496662
vt 0.309271 0.496663
vt 0.309241 0.496659
vt 0.309252 0.496662
vt 0.309251 0.496668
vt 0.309239 0.496669
vt 0.309259 0.496664
vt 0.309258 0.496668
vt 0.309263 0.496665
vt 0.309262 0.496667
vt 0.309267 0.496663
vt 0.309267 0.496663
vt 0.309267 0.496663
vt 0.309268 0.496663
vt 0.309268 0.496662
vt 0.309331 0.496630
vt 0.309340 0.496649
vt 0.309313 0.496658
vt 0.309308 0.496646
vt 0.309292 0.496655
vt 0.309294 0.496662
vt 0.309283 0.496665
vt 0.309281 0.496660
vt 0.309267 0.496663
vt 0.309267 0.496663
vt 0.309267 0.496663
vt 0.309267 0.496663
vt 0.309267 0.496663
vt 0.309266 0.496663
vt 0.309267 0.496663
vt 0.309267 0.496663
vt 0.309265 0.496663
vt 0.309266 0.496662
vt 0.309267 0.496663
vt 0.309266 0.496663
vt 0.309275 0.496663
vt 0.309276 0.496666
vt 0.309272 0.496664
vt 0.309272 0.496665
vt 0.309266 0.496663
vt 0.309266 0.496663
vt 0.309266 0.496663
vt 0.309267 0.496663
vt 0.309266 0.496663
vt 0.309267 0.496663
vt 0.309267 0.496663
vt 0.309267 0.496663
vt 0.309267 0.496663
vt 0.309266 0.496663
vt 0.309267 0.496663
vt 0.309267 0.496663
vt 0.309267 0.496663
vt 0.309267 0.496663
vt 0.309267 0.496663
vt 0.309267 0.496663
vt 0.309267 0.496663
vt 0.309267 0.496663
vt 0.309267 0.496663
vt 0.309267 0.496663
vt 0.309267 0.496663
vt 0.309266 0.496663
vt 0.309266 0.496662
vt 0.309267 0.496663
vt 0.309267 0.496663
vt 0.309267 0.496663
vt 0.309267 0.496663
vt 0.309267 0.496663
vt 0.309267 0.496663
vt 0.309267 0.496663
vt 0.309266 0.496663
vt 0.309267 0.496663
vt 0.309267 0.496663
vt 0.309267 0.496663
vt 0.309266 0.496662
vt 0.309266 0.496662
vt 0.309266 0.496662
vt 0.309266 0.496662
vt 0.309266 0.496663
vt 0.309268 0.496664
vt 0.309270 0.496664
vt 0.309268 0.496640
vt 0.309256 0.496642
vt 0.309250 0.496626
vt 0.309268 0.496622
vt 0.309268 0.496651
vt 0.309261 0.496652
vt 0.309266 0.496662
vt 0.309266 0.496662
vt 0.309283 0.496670
vt 0.309282 0.496674
vt 0.309276 0.496671
vt 0.309276 0.496668
vt 0.309272 0.496667
vt 0.309272 0.496668
vt 0.309270 0.496666
vt 0.309270 0.496665
vt 0.309268 0.496665
vt 0.309268 0.496666
vt 0.309269 0.496668
vt 0.309269 0.496668
vt 0.309268 0.496667
vt 0.309270 0.496667
vt 0.309271 0.496669
vt 0.309266 0.496663
vt 0.309266 0.496663
vt 0.309266 0.496663
vt 0.309266 0.496663
vt 0.309266 0.496662
vt 0.309266 0.496662
vt 0.309266 0.496663
vt 0.309266 0.496663
vt 0.309266 0.496663
vt 0.309270 0.496670
vt 0.309266 0.496663
vt 0.309267 0.496663
vt 0.309267 0.496663
vt 0.309267 0.496663
vt 0.309267 0.496663
vt 0.309267 0.496663
vt 0.309267 0.496665
vt 0.309267 0.496665
vt 0.309267 0.496666
vt 0.309267 0.496666
vt 0.309268 0.496669
vt 0.309268 0.496667
vt 0.309267 0.496669
vt 0.309268 0.496669
vt 0.309268 0.496672
vt 0.309267 0.496672
vt 0.309267 0.496663
vt 0.309323 0.496718
vt 0.309300 0.496701
vt 0.309307 0.496692
vt 0.309334 0.496703
vt 0.309290 0.496683
vt 0.309285 0.496689
vt 0.309266 0.496666
vt 0.309266 0.496667
vt 0.309266 0.496667
vt 0.309266 0.496669
vt 0.309265 0.496668
vt 0.309265 0.496671
vt 0.309280 0.496677
vt 0.309277 0.496680
vt 0.309273 0.496674
vt 0.309274 0.496673
vt 0.309266 0.496666
vt 0.309266 0.496665
vt 0.309265 0.496668
vt 0.309265 0.496666
vt 0.309264 0.496671
vt 0.309263 0.496670
vt 0.309268 0.496595
vt 0.309295 0.496600
vt 0.309286 0.496626
vt 0.309279 0.496643
vt 0.309275 0.496653
vt 0.309267 0.496663
vt 0.309267 0.496663
vt 0.309266 0.496662
vt 0.309266 0.496663
vt 0.309266 0.496663
vt 0.309267 0.496662
vt 0.309272 0.496659
vt 0.309269 0.496659
vt 0.309266 0.496665
vt 0.309264 0.496667
vt 0.309265 0.496666
vt 0.309262 0.496668
vt 0.309266 0.496665
vt 0.309264 0.496666
vt 0.309265 0.496665
vt 0.309266 0.496664
vt 0.309264 0.496665
vt 0.309265 0.496664
vt 0.309266 0.496664
vt 0.309265 0.496664
vt 0.309265 0.496664
vt 0.309264 0.496664
vt 0.309266 0.496664
vt 0.309266 0.496663
vt 0.309266 0.496663
vt 0.309233 0.496637
vt 0.309212 0.496619
vt 0.309238 0.496601
vt 0.309266 0.496663
vt 0.309266 0.496664
vt 0.309265 0.496663
vt 0.309266 0.496662
vt 0.309266 0.496662
vt 0.309259 0.496671
vt 0.309252 0.496673
vt 0.309196 0.496646
vt 0.309223 0.496654
vt 0.309220 0.496671
vt 0.309192 0.496675
vt 0.309264 0.496653
vt 0.309241 0.496678
vt 0.309223 0.496687
vt 0.309197 0.496700
vt 0.309264 0.496662
vt 0.309265 0.496661
vt 0.309261 0.496660
vt 0.309255 0.496656
vt 0.309264 0.496658
vt 0.309247 0.496649
vt 0.309266 0.496676
vt 0.309263 0.496675
vt 0.309265 0.496683
vt 0.309260 0.496682
vt 0.309263 0.496696
vt 0.309256 0.496694
vt 0.309265 0.496715
vt 0.309252 0.496713
vt 0.309268 0.496743
vt 0.309247 0.496740
vt 0.309262 0.496663
vt 0.309260 0.496673
vt 0.309254 0.496677
vt 0.309244 0.496685
vt 0.309230 0.496698
vt 0.309209 0.496719
vt 0.309274 0.496661
vt 0.309279 0.496657
vt 0.309287 0.496648
vt 0.309299 0.496635
vt 0.309316 0.496613
vt 0.309268 0.496676
vt 0.309269 0.496683
vt 0.309272 0.496696
vt 0.309278 0.496713
vt 0.309289 0.496739
vt 0.309266 0.496662
vt 0.309266 0.496662
vt 0.309266 0.496663
vt 0.309266 0.496663
vt 0.309262 0.496674
vt 0.309257 0.496680
vt 0.309249 0.496690
vt 0.309240 0.496707
vt 0.309227 0.496733
vt 0.309295 0.496670
vt 0.309293 0.496677
vt 0.309314 0.496670
vt 0.309312 0.496681
vt 0.309343 0.496668
vt 0.309340 0.496686
vt 0.309269 0.496666
vt 0.309269 0.496665
vt 0.309268 0.496665
vt 0.309268 0.496665
vt 0.309269 0.496665
vt 0.309268 0.496664
vt 0.309266 0.496661
vt 0.309266 0.496661
vt 0.309266 0.496662
vt 0.309266 0.496662
vt 0.309266 0.496661
vt 0.309266 0.496662
vt 0.309266 0.496662
vt 0.309266 0.496662
vt 0.309266 0.496662
vt 0.309266 0.496662
vt 0.309266 0.496662
vt 0.309266 0.496662
vt 0.309266 0.496661
vt 0.309266 0.496661
vt 0.309266 0.496661
vt 0.309266 0.496662
vt 0.309267 0.496663
vt 0.309267 0.496663
vt 0.309267 0.496663
vt 0.309266 0.496662
vt 0.309266 0.496662
vt 0.309266 0.496662
vt 0.309266 0.496662
vt 0.309266 0.496663
vt 0.309266 0.496662
vt 0.309267 0.496663
vt 0.309308 0.496730
vt 0.309290 0.496708
vt 0.309266 0.496663
vt 0.309266 0.496663
vt 0.309267 0.496667
vt 0.309266 0.496663
vt 0.309266 0.496662
vt 0.309279 0.496693
vt 0.309274 0.496682
vt 0.309271 0.496675
vt 0.309269 0.496671
vt 0.309267 0.496667
vt 0.309267 0.496664
vt 0.309267 0.496663
vt 0.309267 0.496663
vt 0.309266 0.496663
vt 0.309267 0.496663
vt 0.309266 0.496663
vt 0.309267 0.496660
vt 0.309267 0.496663
vt 0.309266 0.496663
vt 0.309266 0.496663
vt 0.309267 0.496664
vt 0.309266 0.496663
vt 0.309266 0.496663
s 1
f 65/1/65 220/2/220 17/3/17 2/4/2
f 10/5/10 15/6/15 479/7/477 459/8/457
f 64/9/64 190/10/190 471/11/469 476/12/474
f 109/13/109 466/14/464 471/11/469 190/10/190
f 325/15/323 335/16/333 334/17/332 326/18/324
f 81/19/81 226/20/226 176/21/176 80/22/80
f 1/23/1 23/24/23 199/25/199 62/26/62
f 1/23/1 21/27/21 189/28/189 63/29/63
f 3/30/3 22/31/22 200/32/200 76/33/76
f 63/29/63 64/9/64 192/34/192 191/35/191
f 193/36/193 194/37/194 92/38/92 91/39/91
f 8/40/8 107/41/107 112/42/112 9/43/9
f 109/13/109 190/10/190 189/28/189 108/44/108
f 93/45/93 224/46/224 18/47/18 6/48/6
f 112/42/112 114/49/114 206/50/206 197/51/197
f 63/29/63 189/28/189 190/10/190 64/9/64
f 1/23/1 63/29/63 191/35/191 23/24/23
f 68/52/68 240/53/240 241/54/241 69/55/69
f 2/4/2 24/56/24 233/57/233 65/1/65
f 3/30/3 23/24/23 191/35/191 77/58/77
f 4/59/4 18/47/18 224/46/224 79/60/79
f 7/61/7 96/62/96 123/63/123 10/5/10
f 77/58/77 191/35/191 192/34/192 78/64/78
f 9/43/9 112/42/112 197/51/197 16/65/16
f 92/38/92 194/37/194 472/66/470 462/67/460
f 8/40/8 9/43/9 110/68/110 108/44/108
f 97/69/97 174/70/174 449/71/447 481/72/479
f 12/73/12 485/74/483 479/7/477 15/6/15
f 124/75/124 187/76/187 16/65/16 11/77/11
f 126/78/126 197/51/197 206/50/206 128/79/128
f 137/80/137 238/81/238 25/82/25 12/73/12
f 13/83/13 19/84/19 183/85/183 138/86/138
f 151/87/151 239/88/239 26/89/26 14/90/14
f 247/91/247 268/92/268 470/93/468 463/94/461
f 139/95/139 480/96/478 467/97/465 186/98/186
f 25/82/25 482/99/480 485/74/483 12/73/12
f 94/100/94 454/101/452 486/102/484 176/21/176
f 5/103/5 22/31/22 193/36/193 91/39/91
f 8/40/8 108/44/108 189/28/189 21/27/21
f 20/104/20 196/105/196 140/106/140 13/83/13
f 27/107/27 87/108/87 182/109/182 28/110/28
f 29/111/29 28/110/28 182/109/182 73/112/73
f 76/33/76 74/113/74 209/114/209 199/25/199
f 29/111/29 73/112/73 181/115/181 30/116/30
f 31/117/31 30/116/30 181/115/181 59/118/59
f 31/117/31 59/118/59 180/119/180 32/120/32
f 34/121/34 35/122/35 205/123/205 113/124/113
f 37/125/37 178/126/178 143/127/143 38/128/38
f 41/129/41 40/130/40 159/131/159 146/132/146
f 48/133/48 56/134/56 167/135/167 49/136/49
f 72/137/72 227/138/227 169/139/169 71/140/71
f 70/141/70 170/142/170 51/143/51 50/144/50
f 81/19/81 242/145/242 240/53/240 68/52/68
f 54/146/54 240/53/240 242/145/242 67/147/67
f 102/148/102 103/149/103 228/150/228 166/151/166
f 55/152/55 241/54/241 240/53/240 54/146/54
f 56/134/56 57/153/57 168/154/168 167/135/167
f 58/155/58 59/118/59 181/115/181 219/156/219
f 118/157/118 163/158/163 164/159/164 117/160/117
f 57/153/57 166/151/166 228/150/228 58/155/58
f 62/26/62 199/25/199 209/114/209 60/161/60
f 105/162/105 106/163/106 113/124/113 114/49/114
f 105/162/105 114/49/114 112/42/112 107/41/107
f 104/164/104 115/165/115 34/121/34 33/166/33
f 3/30/3 76/33/76 199/25/199 23/24/23
f 66/167/66 175/168/175 464/169/462 484/170/482
f 66/167/66 67/147/67 242/145/242 175/168/175
f 2/4/2 17/3/17 449/71/447 484/170/482
f 66/167/66 174/70/174 237/171/237 67/147/67
f 77/58/77 193/36/193 22/31/22 3/30/3
f 68/52/68 222/172/222 226/20/226 81/19/81
f 51/143/51 170/142/170 84/173/84 52/174/52
f 72/137/72 73/112/73 182/109/182 227/138/227
f 70/141/70 167/135/167 168/154/168 71/140/71
f 71/140/71 168/154/168 219/156/219 72/137/72
f 72/137/72 219/156/219 181/115/181 73/112/73
f 74/113/74 211/175/211 212/176/212 75/177/75
f 77/58/77 78/64/78 194/37/194 193/36/193
f 451/178/449 486/102/484 18/47/18 4/59/4
f 80/22/80 451/178/449 464/169/462 175/168/175
f 222/172/222 223/179/223 83/180/83 82/181/82
f 86/182/86 227/138/227 182/109/182 87/108/87
f 31/117/31 61/183/61 210/184/210 30/116/30
f 123/63/123 96/62/96 466/14/464 452/185/450
f 98/186/98 99/187/99 231/188/231 237/171/237
f 5/103/5 90/189/90 200/32/200 22/31/22
f 97/69/97 481/72/479 459/8/457 121/190/121
f 123/63/123 213/191/213 15/6/15 10/5/10
f 16/65/16 197/51/197 126/78/126 11/77/11
f 11/77/11 126/78/126 196/105/196 20/104/20
f 99/187/99 119/192/119 120/193/120 100/194/100
f 124/75/124 125/195/125 188/196/188 187/76/187
f 100/194/100 232/197/232 231/188/231 99/187/99
f 50/144/50 49/136/49 167/135/167 70/141/70
f 105/162/105 107/41/107 198/198/198 207/199/207
f 103/149/103 104/164/104 180/119/180 228/150/228
f 35/122/35 36/200/36 127/201/127 205/123/205
f 115/165/115 179/202/179 35/122/35 34/121/34
f 35/122/35 179/202/179 129/203/129 36/200/36
f 187/76/187 188/196/188 111/204/111 110/68/110
f 137/80/137 450/205/448 467/97/465 238/81/238
f 110/68/110 111/204/111 109/13/109 108/44/108
f 97/69/97 98/186/98 237/171/237 174/70/174
f 111/204/111 188/196/188 469/206/467 452/185/450
f 126/78/126 128/79/128 204/207/204 196/105/196
f 115/165/115 116/208/116 217/209/217 179/202/179
f 147/210/147 148/211/148 235/212/235 234/213/234
f 36/200/36 129/203/129 178/126/178 37/125/37
f 133/214/133 136/215/136 225/216/225 234/213/234
f 136/215/136 214/217/214 173/218/173 135/219/135
f 119/192/119 122/220/122 214/217/214 215/221/215
f 121/190/121 173/218/173 214/217/214 122/220/122
f 47/222/47 165/223/165 56/134/56 48/133/48
f 124/75/124 185/224/185 186/98/186 125/195/125
f 14/90/14 26/89/26 473/225/471 453/226/451
f 141/227/141 142/228/142 204/207/204 203/229/203
f 138/86/138 139/95/139 186/98/186 185/224/185
f 127/201/127 203/229/203 204/207/204 128/79/128
f 129/203/129 179/202/179 217/209/217 130/230/130
f 143/127/143 177/231/177 39/232/39 38/128/38
f 131/233/131 132/234/132 161/235/161 162/236/162
f 45/237/45 46/238/46 100/194/100 120/193/120
f 142/228/142 202/239/202 195/240/195 140/106/140
f 133/214/133 234/213/234 235/212/235 134/241/134
f 14/90/14 453/226/451 482/99/480 25/82/25
f 135/219/135 172/242/172 225/216/225 136/215/136
f 20/104/20 185/224/185 124/75/124 11/77/11
f 127/201/127 128/79/128 206/50/206 205/123/205
f 138/86/138 183/85/183 184/243/184 139/95/139
f 25/82/25 238/81/238 151/87/151 14/90/14
f 196/105/196 204/207/204 142/228/142 140/106/140
f 141/227/141 201/244/201 202/239/202 142/228/142
f 178/126/178 218/245/218 144/246/144 143/127/143
f 145/247/145 144/246/144 218/245/218 162/236/162
f 145/247/145 162/236/162 161/235/161 146/132/146
f 147/210/147 234/213/234 225/216/225 150/248/150
f 229/249/229 230/250/230 148/211/148 147/210/147
f 149/251/149 171/252/171 236/253/236 150/248/150
f 134/241/134 235/212/235 42/254/42 43/255/43
f 265/256/265 297/257/296 280/258/280 261/259/261
f 246/260/246 264/261/264 457/262/455 456/263/454
f 272/264/272 276/265/276 306/266/305 277/267/277
f 248/268/248 265/256/265 261/259/261 244/269/244
f 153/270/153 245/271/245 253/272/253 254/273/254
f 155/274/155 256/275/256 257/276/257 156/277/156
f 103/149/103 102/148/102 117/160/117 116/208/116
f 103/149/103 116/208/116 115/165/115 104/164/104
f 74/113/74 75/177/75 210/184/210 209/114/209
f 53/278/53 156/277/156 257/276/257 258/279/258
f 252/280/252 270/281/270 294/282/293 152/283/152
f 13/83/13 140/106/140 195/240/195 19/84/19
f 12/73/12 15/6/15 213/191/213 137/80/137
f 79/60/79 233/57/233 24/56/24 4/59/4
f 98/186/98 122/220/122 119/192/119 99/187/99
f 51/143/51 52/174/52 83/180/83 223/179/223
f 1/23/1 62/26/62 198/198/198 21/27/21
f 17/3/17 220/2/220 96/62/96 7/61/7
f 175/168/175 242/145/242 81/19/81 80/22/80
f 8/40/8 21/27/21 198/198/198 107/41/107
f 176/21/176 226/20/226 95/284/95 94/100/94
f 32/120/32 180/119/180 104/164/104 33/166/33
f 29/111/29 30/116/30 210/184/210 75/177/75
f 125/195/125 450/205/448 469/206/467 188/196/188
f 159/131/159 160/285/160 145/247/145 146/132/146
f 139/95/139 184/243/184 475/286/473 480/96/478
f 13/83/13 138/86/138 185/224/185 20/104/20
f 38/128/38 39/232/39 201/244/201 141/227/141
f 129/203/129 130/230/130 218/245/218 178/126/178
f 97/69/97 121/190/121 122/220/122 98/186/98
f 36/200/36 37/125/37 203/229/203 127/201/127
f 143/127/143 144/246/144 221/287/221 177/231/177
f 64/9/64 476/12/474 461/288/459 192/34/192
f 32/120/32 208/289/208 61/183/61 31/117/31
f 29/111/29 75/177/75 212/176/212 28/110/28
f 28/110/28 212/176/212 88/290/88 27/107/27
f 254/273/254 255/291/255 154/292/154 153/270/153
f 264/261/264 293/293/292 474/294/472 457/262/455
f 50/144/50 51/143/51 223/179/223 69/55/69
f 270/281/270 313/295/312 308/296/307 294/282/293
f 251/297/251 269/298/269 267/299/267 250/300/250
f 158/301/158 260/302/260 252/280/252 152/283/152
f 119/192/119 215/221/215 216/303/216 120/193/120
f 46/238/46 101/304/101 165/223/165 47/222/47
f 116/208/116 117/160/117 164/159/164 217/209/217
f 133/214/133 134/241/134 216/303/216 215/221/215
f 9/43/9 16/65/16 187/76/187 110/68/110
f 88/290/88 212/176/212 211/175/211 89/305/89
f 258/279/258 259/306/259 157/307/157 53/278/53
f 131/233/131 164/159/164 163/158/163 132/234/132
f 74/113/74 76/33/76 200/32/200 211/175/211
f 60/161/60 61/183/61 208/289/208 207/199/207
f 132/234/132 163/158/163 44/308/44 43/255/43
f 84/173/84 170/142/170 169/139/169 85/309/85
f 56/134/56 165/223/165 166/151/166 57/153/57
f 169/139/169 170/142/170 70/141/70 71/140/71
f 47/222/47 232/197/232 100/194/100 46/238/46
f 43/255/43 44/308/44 216/303/216 134/241/134
f 58/155/58 228/150/228 180/119/180 59/118/59
f 267/299/267 269/298/269 312/310/311 303/311/302
f 255/291/255 256/275/256 155/274/155 154/292/154
f 89/305/89 211/175/211 200/32/200 90/189/90
f 32/120/32 33/166/33 106/163/106 208/289/208
f 60/161/60 209/114/209 210/184/210 61/183/61
f 105/162/105 207/199/207 208/289/208 106/163/106
f 131/233/131 130/230/130 217/209/217 164/159/164
f 150/248/150 236/253/236 229/249/229 147/210/147
f 37/125/37 38/128/38 141/227/141 203/229/203
f 40/130/40 41/129/41 148/211/148 230/250/230
f 48/133/48 49/136/49 241/54/241 55/152/55
f 95/284/95 226/20/226 222/172/222 82/181/82
f 85/309/85 169/139/169 227/138/227 86/182/86
f 68/52/68 69/55/69 223/179/223 222/172/222
f 149/251/149 150/248/150 225/216/225 172/242/172
f 78/64/78 192/34/192 461/288/459 468/312/466
f 60/161/60 207/199/207 198/198/198 62/26/62
f 33/166/33 34/121/34 113/124/113 106/163/106
f 79/60/79 224/46/224 472/66/470 468/312/466
f 113/124/113 205/123/205 206/50/206 114/49/114
f 130/230/130 131/233/131 162/236/162 218/245/218
f 144/246/144 145/247/145 160/285/160 221/287/221
f 41/129/41 42/254/42 235/212/235 148/211/148
f 42/254/42 161/235/161 132/234/132 43/255/43
f 41/129/41 146/132/146 161/235/161 42/254/42
f 136/215/136 133/214/133 215/221/215 214/217/214
f 45/237/45 120/193/120 216/303/216 44/308/44
f 46/238/46 45/237/45 118/157/118 101/304/101
f 44/308/44 163/158/163 118/157/118 45/237/45
f 101/304/101 118/157/118 117/160/117 102/148/102
f 47/222/47 48/133/48 55/152/55 232/197/232
f 49/136/49 50/144/50 69/55/69 241/54/241
f 57/153/57 58/155/58 219/156/219 168/154/168
f 54/146/54 67/147/67 237/171/237 231/188/231
f 54/146/54 231/188/231 232/197/232 55/152/55
f 157/307/157 259/306/259 260/302/260 158/301/158
f 246/260/246 152/283/152 294/282/293 264/261/264
f 249/313/249 337/314/335 340/315/338 266/316/266
f 243/317/243 262/318/262 268/92/268 247/91/247
f 249/313/249 266/316/266 269/298/269 251/297/251
f 256/275/256 255/291/255 332/319/330 331/320/329
f 271/321/271 334/17/332 313/295/312 270/281/270
f 101/304/101 102/148/102 166/151/166 165/223/165
f 300/322/299 301/323/300 311/324/310 312/310/311
f 265/256/265 470/93/468 465/325/463 297/257/296
f 320/326/319 330/327/328 331/320/329 321/328/320
f 260/302/260 259/306/259 329/329/327 328/330/326
f 257/276/257 330/327/328 284/331/284 258/279/258
f 254/273/254 333/332/331 332/319/330 255/291/255
f 262/318/262 282/333/282 310/334/309 268/92/268
f 256/275/256 331/320/329 330/327/328 257/276/257
f 278/335/278 299/336/298 275/337/275 273/338/273
f 280/258/280 338/339/336 340/315/338 261/259/261
f 252/280/252 260/302/260 271/321/271 270/281/270
f 260/302/260 328/330/326 327/340/325 271/321/271
f 305/341/304 307/342/306 314/343/313 315/344/314
f 272/264/272 277/267/277 477/345/475 478/346/476
f 277/267/277 306/266/305 309/347/308 281/348/281
f 264/261/264 294/282/293 308/296/307 293/293/292
f 281/348/281 309/347/308 310/334/309 282/333/282
f 299/336/298 458/349/456 460/350/458 275/337/275
f 316/351/315 326/18/324 327/340/325 317/352/316
f 280/258/280 297/257/296 298/353/297 279/354/279
f 282/333/282 474/294/472 483/355/481 281/348/281
f 304/356/303 303/311/302 312/310/311 311/324/310
f 322/357/321 332/319/330 333/332/331 323/358/322
f 295/359/294 307/342/306 305/341/304 296/360/295
f 307/342/306 308/296/307 313/295/312 314/343/313
f 278/335/278 279/354/279 298/353/297 299/336/298
f 266/316/266 300/322/299 312/310/311 269/298/269
f 298/353/297 455/361/453 458/349/456 299/336/298
f 298/353/297 297/257/296 465/325/463 455/361/453
f 267/299/267 303/311/302 283/362/283 263/363/263
f 313/295/312 334/17/332 335/16/333 314/343/313
f 293/293/292 308/296/307 307/342/306 295/359/294
f 279/354/279 336/364/334 338/339/336 280/258/280
f 284/331/284 330/327/328 320/326/319 285/365/285
f 318/366/317 328/330/326 329/329/327 319/367/318
f 331/320/329 332/319/330 322/357/321 321/328/320
f 288/368/288 291/369/291 320/326/319 321/328/320
f 289/370/289 290/371/290 291/369/291 288/368/288
f 278/335/278 339/372/337 336/364/334 279/354/279
f 326/18/324 334/17/332 271/321/271 327/340/325
f 285/365/285 319/367/318 329/329/327 284/331/284
f 286/373/286 287/374/287 289/370/289 288/368/288
f 321/328/320 322/357/321 286/373/286 288/368/288
f 317/352/316 327/340/325 328/330/326 318/366/317
f 250/300/250 267/299/267 263/363/263 245/271/245
f 258/279/258 284/331/284 329/329/327 259/306/259
f 277/267/277 281/348/281 483/355/481 477/345/475
f 248/268/248 346/375/344 498/376/496 463/94/461
f 93/45/93 6/48/6 358/377/356 347/378/345
f 353/379/351 492/380/490 456/263/454 243/317/243
f 152/283/152 246/260/246 364/381/362 370/382/368
f 152/283/152 370/382/368 376/383/374 158/301/158
f 158/301/158 376/383/374 382/384/380 157/307/157
f 53/278/53 157/307/157 382/384/380 388/385/386
f 53/278/53 388/385/386 394/386/392 156/277/156
f 85/309/85 400/387/398 389/388/387 84/173/84
f 154/292/154 155/274/155 395/389/393 406/390/404
f 153/270/153 154/292/154 406/390/404 412/391/410
f 153/270/153 412/391/410 418/392/416 245/271/245
f 245/271/245 418/392/416 424/393/422 250/300/250
f 88/290/88 89/305/89 430/394/428 419/395/417
f 425/396/423 436/397/434 249/313/249 251/297/251
f 301/323/300 336/364/334 339/372/337 302/398/301
f 301/323/300 300/322/299 338/339/336 336/364/334
f 266/316/266 340/315/338 338/339/336 300/322/299
f 244/269/244 261/259/261 340/315/338 337/314/335
f 249/313/249 436/397/434 442/399/440 337/314/335
f 5/103/5 91/39/91 448/400/446 437/401/435
f 91/39/91 92/38/92 341/402/339 448/400/446
f 244/269/244 443/403/441 346/375/344 248/268/248
f 345/404/343 346/375/344 443/403/441 444/405/442
f 344/406/342 345/404/343 444/405/442 445/407/443
f 343/408/341 344/406/342 445/407/443 446/409/444
f 342/410/340 343/408/341 446/409/444 447/411/445
f 447/411/445 448/400/446 341/402/339 342/410/340
f 337/314/335 442/399/440 443/403/441 244/269/244
f 441/412/439 444/405/442 443/403/441 442/399/440
f 440/413/438 445/407/443 444/405/442 441/412/439
f 439/414/437 446/409/444 445/407/443 440/413/438
f 438/415/436 447/411/445 446/409/444 439/414/437
f 437/401/435 448/400/446 447/411/445 438/415/436
f 90/189/90 5/103/5 437/401/435 431/416/429
f 431/416/429 437/401/435 438/415/436 432/417/430
f 432/417/430 438/415/436 439/414/437 433/418/431
f 433/418/431 439/414/437 440/413/438 434/419/432
f 434/419/432 440/413/438 441/412/439 435/420/433
f 435/420/433 441/412/439 442/399/440 436/397/434
f 89/305/89 90/189/90 431/416/429 430/394/428
f 431/416/429 432/417/430 429/421/427 430/394/428
f 428/422/426 429/421/427 432/417/430 433/418/431
f 427/423/425 428/422/426 433/418/431 434/419/432
f 426/424/424 427/423/425 434/419/432 435/420/433
f 425/396/423 426/424/424 435/420/433 436/397/434
f 424/393/422 425/396/423 251/297/251 250/300/250
f 423/425/421 426/424/424 425/396/423 424/393/422
f 423/425/421 422/426/420 427/423/425 426/424/424
f 421/427/419 428/422/426 427/423/425 422/426/420
f 420/428/418 429/421/427 428/422/426 421/427/419
f 419/395/417 430/394/428 429/421/427 420/428/418
f 27/107/27 88/290/88 419/395/417 413/429/411
f 413/429/411 419/395/417 420/428/418 414/430/412
f 414/430/412 420/428/418 421/427/419 415/431/413
f 415/431/413 421/427/419 422/426/420 416/432/414
f 416/432/414 422/426/420 423/425/421 417/433/415
f 417/433/415 423/425/421 424/393/422 418/392/416
f 27/107/27 413/429/411 407/434/405 87/108/87
f 407/434/405 413/429/411 414/430/412 408/435/406
f 408/435/406 414/430/412 415/431/413 409/436/407
f 409/436/407 415/431/413 416/432/414 410/437/408
f 416/432/414 417/433/415 411/438/409 410/437/408
f 411/438/409 417/433/415 418/392/416 412/391/410
f 86/182/86 87/108/87 407/434/405 401/439/399
f 401/439/399 407/434/405 408/435/406 402/440/400
f 402/440/400 408/435/406 409/436/407 403/441/401
f 403/441/401 409/436/407 410/437/408 404/442/402
f 404/442/402 410/437/408 411/438/409 405/443/403
f 405/443/403 411/438/409 412/391/410 406/390/404
f 85/309/85 86/182/86 401/439/399 400/387/398
f 401/439/399 402/440/400 399/444/397 400/387/398
f 398/445/396 399/444/397 402/440/400 403/441/401
f 397/446/395 398/445/396 403/441/401 404/442/402
f 396/447/394 397/446/395 404/442/402 405/443/403
f 395/389/393 396/447/394 405/443/403 406/390/404
f 394/386/392 395/389/393 155/274/155 156/277/156
f 393/448/391 396/447/394 395/389/393 394/386/392
f 393/448/391 392/449/390 397/446/395 396/447/394
f 391/450/389 398/445/396 397/446/395 392/449/390
f 391/450/389 390/451/388 399/444/397 398/445/396
f 390/451/388 389/388/387 400/387/398 399/444/397
f 84/173/84 389/388/387 383/452/381 52/174/52
f 383/452/381 389/388/387 390/451/388 384/453/382
f 384/453/382 390/451/388 391/450/389 385/454/383
f 385/454/383 391/450/389 392/449/390 386/455/384
f 386/455/384 392/449/390 393/448/391 387/456/385
f 387/456/385 393/448/391 394/386/392 388/385/386
f 83/180/83 52/174/52 383/452/381 377/457/375
f 377/457/375 383/452/381 384/453/382 378/458/376
f 384/453/382 385/454/383 379/459/377 378/458/376
f 379/459/377 385/454/383 386/455/384 380/460/378
f 380/460/378 386/455/384 387/456/385 381/461/379
f 381/461/379 387/456/385 388/385/386 382/384/380
f 82/181/82 83/180/83 377/457/375 371/462/369
f 377/457/375 378/458/376 372/463/370 371/462/369
f 372/463/370 378/458/376 379/459/377 373/464/371
f 373/464/371 379/459/377 380/460/378 374/465/372
f 374/465/372 380/460/378 381/461/379 375/466/373
f 375/466/373 381/461/379 382/384/380 376/383/374
f 82/181/82 371/462/369 365/467/363 95/284/95
f 365/467/363 371/462/369 372/463/370 366/468/364
f 366/468/364 372/463/370 373/464/371 367/469/365
f 367/469/365 373/464/371 374/465/372 368/470/366
f 368/470/366 374/465/372 375/466/373 369/471/367
f 369/471/367 375/466/373 376/383/374 370/382/368
f 95/284/95 365/467/363 359/472/357 94/100/94
f 365/467/363 366/468/364 360/473/358 359/472/357
f 360/473/358 366/468/364 367/469/365 361/474/359
f 361/474/359 367/469/365 368/470/366 362/475/360
f 362/475/360 368/470/366 369/471/367 363/476/361
f 363/476/361 369/471/367 370/382/368 364/381/362
f 6/48/6 454/101/452 487/477/485 358/377/356
f 358/377/356 487/477/485 488/478/486 357/479/355
f 356/480/354 357/479/355 488/478/486 489/481/487
f 355/482/353 356/480/354 489/481/487 490/483/488
f 354/484/352 355/482/353 490/483/488 491/485/489
f 353/379/351 354/484/352 491/485/489 492/380/490
f 247/91/247 352/486/350 353/379/351 243/317/243
f 352/486/350 351/487/349 354/484/352 353/379/351
f 350/488/348 355/482/353 354/484/352 351/487/349
f 349/489/347 356/480/354 355/482/353 350/488/348
f 349/489/347 348/490/346 357/479/355 356/480/354
f 348/490/346 347/378/345 358/377/356 357/479/355
f 92/38/92 462/67/460 493/491/491 341/402/339
f 341/402/339 493/491/491 494/492/492 342/410/340
f 342/410/340 494/492/492 495/493/493 343/408/341
f 343/408/341 495/493/493 496/494/494 344/406/342
f 344/406/342 496/494/494 497/495/495 345/404/343
f 345/404/343 497/495/495 498/376/496 346/375/344
f 352/486/350 498/376/496 497/495/495 351/487/349
f 351/487/349 497/495/495 496/494/494 350/488/348
f 349/489/347 350/488/348 496/494/494 495/493/493
f 348/490/346 349/489/347 495/493/493 494/492/492
f 348/490/346 494/492/492 493/491/491 347/378/345
f 347/378/345 493/491/491 462/67/460 93/45/93
f 363/476/361 364/381/362 492/380/490 491/485/489
f 363/476/361 491/485/489 490/483/488 362/475/360
f 362/475/360 490/483/488 489/481/487 361/474/359
f 360/473/358 361/474/359 489/481/487 488/478/486
f 359/472/357 360/473/358 488/478/486 487/477/485
f 94/100/94 359/472/357 487/477/485 454/101/452
f 456/263/454 492/380/490 364/381/362 246/260/246
f 463/94/461 498/376/496 352/486/350 247/91/247
f 295/359/294 296/360/295 477/345/475 483/355/481
f 309/347/308 455/361/453 465/325/463 310/334/309
f 309/347/308 306/266/305 458/349/456 455/361/453
f 293/293/292 295/359/294 483/355/481 474/294/472
f 306/266/305 276/265/276 460/350/458 458/349/456
f 274/496/274 478/346/476 477/345/475 296/360/295
f 268/92/268 310/334/309 465/325/463 470/93/468
f 78/64/78 468/312/466 472/66/470 194/37/194
f 79/60/79 468/312/466 461/288/459 233/57/233
f 457/262/455 474/294/472 282/333/282 262/318/262
f 65/1/65 233/57/233 461/288/459 476/12/474
f 239/88/239 151/87/151 480/96/478 475/286/473
f 213/191/213 469/206/467 450/205/448 137/80/137
f 243/317/243 456/263/454 457/262/455 262/318/262
f 149/251/149 172/242/172 482/99/480 453/226/451
f 149/251/149 453/226/451 473/225/471 171/252/171
f 123/63/123 452/185/450 469/206/467 213/191/213
f 125/195/125 186/98/186 467/97/465 450/205/448
f 459/8/457 481/72/479 7/61/7 10/5/10
f 109/13/109 111/204/111 452/185/450 466/14/464
f 4/59/4 24/56/24 464/169/462 451/178/449
f 80/22/80 176/21/176 486/102/484 451/178/449
f 174/70/174 66/167/66 484/170/482 449/71/447
f 2/4/2 484/170/482 464/169/462 24/56/24
f 6/48/6 18/47/18 486/102/484 454/101/452
f 135/219/135 485/74/483 482/99/480 172/242/172
f 151/87/151 238/81/238 467/97/465 480/96/478
f 248/268/248 463/94/461 470/93/468 265/256/265
f 173/218/173 479/7/477 485/74/483 135/219/135
f 7/61/7 481/72/479 449/71/447 17/3/17
f 462/67/460 472/66/470 224/46/224 93/45/93
f 96/62/96 220/2/220 471/11/469 466/14/464
f 65/1/65 476/12/474 471/11/469 220/2/220
f 121/190/121 459/8/457 479/7/477 173/218/173
f 501/497/499 502/497/500 499/497/497 500/497/498
f 501/497/499 504/497/502 503/497/501 502/497/500
f 504/497/502 501/497/499 506/497/504 505/497/503
f 501/497/499 500/497/498 507/497/505 506/497/504
f 508/498/506 509/499/507 510/500/508 511/501/509
f 510/500/508 513/502/511 512/503/510 511/501/509
f 508/498/506 511/501/509 515/504/513 514/505/512
f 512/503/510 516/506/514 515/504/513 511/501/509
f 517/507/515 518/507/516 519/507/517 520/507/518
f 519/507/517 522/507/520 521/507/519 520/507/518
f 517/507/515 520/507/518 524/507/522 523/507/521
f 521/507/519 525/507/523 524/507/522 520/507/518
f 526/508/524 529/508/527 528/508/526 527/508/525
f 530/508/528 531/508/529 528/508/526 529/508/527
f 529/508/527 533/508/531 532/508/530 530/508/528
f 526/508/524 534/508/532 533/508/531 529/508/527
f 535/509/533 538/509/536 537/509/535 536/509/534
f 538/509/536 540/509/538 539/509/537 537/509/535
f 538/509/536 542/509/540 541/509/539 540/509/538
f 538/509/536 535/509/533 543/509/541 542/509/540
f 508/498/506 514/505/512 545/510/543 544/511/542
f 514/505/512 515/504/513 546/512/544 545/510/543
f 515/504/513 516/506/514 547/513/545 546/512/544
f 516/506/514 512/503/510 548/514/546 547/513/545
f 512/503/510 513/502/511 549/515/547 548/514/546
f 513/502/511 510/500/508 550/516/548 549/515/547
f 509/499/507 551/517/549 550/516/548 510/500/508
f 544/511/542 551/517/549 509/499/507 508/498/506
f 551/517/549 544/511/542 553/518/551 552/519/550
f 544/511/542 545/510/543 554/520/552 553/518/551
f 551/517/549 552/519/550 555/521/553 556/522/554
f 556/522/554 557/523/555 550/516/548 551/517/549
f 554/520/552 545/510/543 559/524/557 558/525/556
f 545/510/543 546/512/544 560/526/558 559/524/557
f 559/524/557 560/526/558 561/527/559 562/528/560
f 559/524/557 562/528/560 563/529/561 558/525/556
f 564/530/562 565/531/563 556/522/554 555/521/553
f 556/522/554 565/531/563 566/532/564 557/523/555
f 566/532/564 565/531/563 568/533/566 567/534/565
f 565/531/563 564/530/562 569/535/567 568/533/566
f 562/528/560 568/533/566 569/535/567 563/529/561
f 567/534/565 568/533/566 562/528/560 561/527/559
f 637/536/635 682/537/680 689/538/687 641/539/639
f 636/540/634 683/541/681 682/537/680 637/536/635
f 636/540/634 635/542/633 684/543/682 683/541/681
f 635/542/633 634/544/632 685/545/683 684/543/682
f 628/546/626 686/547/684 685/545/683 634/544/632
f 627/548/625 687/549/685 686/547/684 628/546/626
f 626/544/624 688/550/686 687/549/685 627/548/625
f 626/544/624 641/539/639 689/538/687 688/550/686
f 1178/551/1176 1185/552/1183 1157/553/1155 1156/551/1154
f 578/554/576 579/555/577 681/556/679 680/557/678
f 579/555/577 580/558/578 674/559/672 681/556/679
f 580/558/578 581/560/579 675/559/673 674/559/672
f 582/561/580 676/562/674 675/559/673 581/560/579
f 582/561/580 583/563/581 677/564/675 676/562/674
f 583/563/581 584/565/582 678/559/676 677/564/675
f 585/566/583 679/567/677 678/559/676 584/565/582
f 592/497/590 697/497/695 696/497/694 593/497/591
f 591/497/589 690/497/688 697/497/695 592/497/590
f 590/568/588 691/568/689 690/497/688 591/497/589
f 589/568/587 692/568/690 691/568/689 590/568/588
f 588/568/586 693/568/691 692/568/690 589/568/587
f 587/497/585 694/497/692 693/568/691 588/568/586
f 586/497/584 695/497/693 694/497/692 587/497/585
f 586/497/584 593/497/591 696/497/694 695/497/693
f 601/569/599 704/570/702 703/570/701 600/570/598
f 601/569/599 594/569/592 705/569/703 704/570/702
f 698/497/696 705/569/703 594/569/592 595/497/593
f 595/497/593 596/497/594 699/571/697 698/497/696
f 596/497/594 597/568/595 700/571/698 699/571/697
f 598/568/596 701/568/699 700/571/698 597/568/595
f 599/568/597 702/570/700 701/568/699 598/568/596
f 599/568/597 600/570/598 703/570/701 702/570/700
f 610/507/608 617/507/615 673/572/671 672/507/670
f 613/507/611 666/573/664 673/572/671 617/507/615
f 616/507/614 667/573/665 666/573/664 613/507/611
f 612/507/610 668/507/666 667/573/665 616/507/614
f 611/507/609 669/507/667 668/507/666 612/507/610
f 615/507/613 670/507/668 669/507/667 611/507/609
f 614/507/612 671/507/669 670/507/668 615/507/613
f 610/507/608 672/507/670 671/507/669 614/507/612
f 670/507/668 671/507/669 1181/507/1179 1183/507/1181
f 666/573/664 1186/552/1184 1177/572/1175 673/572/671
f 672/507/670 673/572/671 1177/572/1175 1180/572/1178
f 667/573/665 1175/573/1173 1186/552/1184 666/573/664
f 667/573/665 668/507/666 1173/573/1171 1175/573/1173
f 669/507/667 1172/507/1170 1173/573/1171 668/507/666
f 658/508/656 1191/508/1189 1200/508/1198 659/508/657
f 650/508/648 1192/508/1190 1201/508/1199 657/574/655
f 650/508/648 651/575/649 1199/508/1197 1192/508/1190
f 652/576/650 653/576/651 1198/577/1196 1189/577/1187
f 634/544/632 677/564/675 678/559/676 628/546/626
f 663/508/661 1187/508/1185 1194/508/1192 664/508/662
f 655/508/653 1188/508/1186 1195/508/1193 654/508/652
f 1195/508/1193 1198/577/1196 653/576/651 654/508/652
f 656/508/654 1147/578/1145 1154/578/1152 657/574/655
f 650/508/648 657/574/655 1154/578/1152 1148/578/1146
f 650/508/648 1148/578/1146 1149/576/1147 651/575/649
f 651/575/649 1149/576/1147 1150/579/1148 652/576/650
f 652/576/650 1150/579/1148 1151/579/1149 653/576/651
f 653/576/651 1151/579/1149 1152/508/1150 654/508/652
f 654/508/652 1152/508/1150 1153/574/1151 655/508/653
f 655/508/653 1153/574/1151 1147/578/1145 656/508/654
f 665/508/663 1202/508/1200 1191/508/1189 658/508/656
f 660/508/658 1190/508/1188 1197/508/1195 661/508/659
f 660/508/658 659/508/657 1200/508/1198 1190/508/1188
f 661/508/659 1197/508/1195 1196/508/1194 662/508/660
f 651/575/649 652/576/650 1189/577/1187 1199/508/1197
f 662/508/660 1196/508/1194 1187/508/1185 663/508/661
f 1194/508/1192 1202/508/1200 665/508/663 664/508/662
f 656/508/654 657/574/655 1201/508/1199 1193/508/1191
f 632/508/630 633/508/631 658/508/656 659/508/657
f 631/508/629 632/508/630 659/508/657 660/508/658
f 631/508/629 660/508/658 661/508/659 640/508/638
f 639/508/637 640/508/638 661/508/659 662/508/660
f 630/508/628 639/508/637 662/508/660 663/508/661
f 629/508/627 630/508/628 663/508/661 664/508/662
f 629/508/627 664/508/662 665/508/663 638/508/636
f 633/508/631 638/508/636 665/508/663 658/508/656
f 1158/580/1156 1176/573/1174 1174/581/1172 1159/573/1157
f 1160/582/1158 1159/573/1157 1174/581/1172 1171/573/1169
f 1171/573/1169 1184/573/1182 1161/583/1159 1160/582/1158
f 1155/584/1153 1161/583/1159 1184/573/1182 1182/507/1180
f 1162/584/1160 1155/584/1153 1182/507/1180 1179/572/1177
f 1162/584/1160 1179/572/1177 1178/551/1176 1156/551/1154
f 1158/580/1156 1157/553/1155 1185/552/1183 1176/573/1174
f 672/507/670 1180/572/1178 1181/507/1179 671/507/669
f 627/548/625 628/546/626 678/559/676 679/567/677
f 578/554/576 680/557/678 679/567/677 585/566/583
f 641/539/639 681/556/679 674/559/672 637/536/635
f 636/540/634 637/536/635 674/559/672 675/559/673
f 635/542/633 636/540/634 675/559/673 676/562/674
f 635/542/633 676/562/674 677/564/675 634/544/632
f 626/544/624 680/557/678 681/556/679 641/539/639
f 572/585/570 577/586/575 682/537/680 683/541/681
f 571/587/569 572/585/570 683/541/681 684/543/682
f 571/587/569 684/543/682 685/545/683 575/588/573
f 574/589/572 575/588/573 685/545/683 686/547/684
f 570/590/568 574/589/572 686/547/684 687/549/685
f 570/590/568 687/549/685 688/550/686 573/591/571
f 573/591/571 688/550/686 689/538/687 576/592/574
f 576/592/574 689/538/687 682/537/680 577/586/575
f 690/497/688 691/568/689 597/568/595 596/497/594
f 597/568/595 691/568/689 692/568/690 598/568/596
f 598/568/596 692/568/690 693/568/691 599/568/597
f 599/568/597 693/568/691 694/497/692 600/570/598
f 600/570/598 694/497/692 695/497/693 601/569/599
f 594/569/592 601/569/599 695/497/693 696/497/694
f 594/569/592 696/497/694 697/497/695 595/497/593
f 596/497/594 595/497/593 697/497/695 690/497/688
f 698/497/696 699/571/697 1165/593/1163 1164/569/1162
f 699/571/697 700/571/698 1166/594/1164 1165/593/1163
f 701/568/699 1167/571/1165 1166/594/1164 700/571/698
f 701/568/699 702/570/700 1168/570/1166 1167/571/1165
f 703/570/701 1163/595/1161 1168/570/1166 702/570/700
f 703/570/701 704/570/702 1169/595/1167 1163/595/1161
f 704/570/702 705/569/703 1170/595/1168 1169/595/1167
f 698/497/696 1164/569/1162 1170/595/1168 705/569/703
f 706/507/704 707/507/705 517/507/515 523/507/521
f 517/507/515 707/507/705 708/507/706 518/507/516
f 708/507/706 709/507/707 519/507/517 518/507/516
f 519/507/517 709/507/707 710/507/708 522/507/520
f 521/507/519 522/507/520 710/507/708 711/507/709
f 521/507/519 711/507/709 712/507/710 525/507/523
f 524/507/522 525/507/523 712/507/710 713/507/711
f 524/507/522 713/507/711 706/507/704 523/507/521
f 550/516/548 557/523/555 714/596/712 549/515/547
f 566/532/564 715/597/713 714/596/712 557/523/555
f 567/534/565 716/598/714 715/597/713 566/532/564
f 561/527/559 717/599/715 716/598/714 567/534/565
f 560/526/558 718/600/716 717/599/715 561/527/559
f 546/512/544 547/513/545 718/600/716 560/526/558
f 610/507/608 708/507/706 707/507/705 617/507/615
f 617/507/615 707/507/705 706/507/704 613/507/611
f 553/518/551 554/520/552 576/592/574 577/586/575
f 554/520/552 558/525/556 573/591/571 576/592/574
f 552/519/550 553/518/551 577/586/575 572/585/570
f 552/519/550 572/585/570 571/587/569 555/521/553
f 555/521/553 571/587/569 575/588/573 564/530/562
f 563/529/561 570/590/568 573/591/571 558/525/556
f 569/535/567 574/589/572 570/590/568 563/529/561
f 564/530/562 575/588/573 574/589/572 569/535/567
f 582/561/580 1065/601/1063 1064/602/1062 583/563/581
f 581/560/579 1066/602/1064 1065/601/1063 582/561/580
f 719/497/717 720/497/718 504/497/502 505/497/503
f 591/497/589 592/497/590 720/497/718 719/497/717
f 503/497/501 504/497/502 720/497/718 721/497/719
f 592/497/590 593/497/591 721/497/719 720/497/718
f 502/497/500 503/497/501 721/497/719 722/497/720
f 722/497/720 723/497/721 499/497/497 502/497/500
f 499/497/497 723/497/721 724/497/722 500/497/498
f 724/497/722 725/497/723 507/497/505 500/497/498
f 506/497/504 507/497/505 725/497/723 726/497/724
f 505/497/503 506/497/504 726/497/724 719/497/717
f 530/508/528 728/508/726 727/508/725 531/508/529
f 532/508/530 729/508/727 728/508/726 530/508/528
f 532/508/530 533/508/531 730/508/728 729/508/727
f 533/508/531 534/508/532 731/508/729 730/508/728
f 534/508/532 526/508/524 732/508/730 731/508/729
f 527/508/525 733/508/731 732/508/730 526/508/524
f 528/508/526 734/508/732 733/508/731 527/508/525
f 727/508/725 734/508/732 528/508/526 531/508/529
f 632/508/630 727/508/725 728/508/726 633/508/631
f 633/508/631 728/508/726 729/508/727 638/508/636
f 729/508/727 735/508/733 629/508/627 638/508/636
f 729/508/727 730/508/728 736/508/734 735/508/733
f 735/508/733 737/508/735 630/508/628 629/508/627
f 735/508/733 736/508/734 738/508/736 737/508/735
f 631/508/629 739/508/737 727/508/725 632/508/630
f 727/508/725 739/508/737 740/508/738 734/508/732
f 640/508/638 741/508/739 739/508/737 631/508/629
f 739/508/737 741/508/739 742/508/740 740/508/738
f 640/508/638 639/508/637 743/508/741 741/508/739
f 630/508/628 737/508/735 743/508/741 639/508/637
f 741/508/739 743/508/741 744/508/742 742/508/740
f 737/508/735 738/508/736 744/508/742 743/508/741
f 730/508/728 731/508/729 745/508/743 736/508/734
f 736/508/734 745/508/743 746/508/744 738/508/736
f 738/508/736 746/508/744 747/508/745 744/508/742
f 742/508/740 744/508/742 747/508/745 748/508/746
f 742/508/740 748/508/746 749/508/747 740/508/738
f 733/508/731 734/508/732 740/508/738 749/508/747
f 610/507/608 614/507/612 750/507/748 708/507/706
f 615/507/613 751/507/749 750/507/748 614/507/612
f 611/507/609 752/507/750 751/507/749 615/507/613
f 611/507/609 612/507/610 753/507/751 752/507/750
f 612/507/610 616/507/614 754/507/752 753/507/751
f 706/507/704 754/507/752 616/507/614 613/507/611
f 706/507/704 713/507/711 755/507/753 754/507/752
f 753/507/751 754/507/752 755/507/753 756/507/754
f 752/507/750 753/507/751 756/507/754 757/507/755
f 752/507/750 757/507/755 758/507/756 751/507/749
f 750/507/748 751/507/749 758/507/756 759/507/757
f 708/507/706 750/507/748 759/507/757 709/507/707
f 759/507/757 760/507/758 710/507/708 709/507/707
f 758/507/756 761/507/759 760/507/758 759/507/757
f 758/507/756 757/507/755 762/507/760 761/507/759
f 756/507/754 763/507/761 762/507/760 757/507/755
f 755/507/753 764/507/762 763/507/761 756/507/754
f 712/507/710 764/507/762 755/507/753 713/507/711
f 586/497/584 765/497/763 721/497/719 593/497/591
f 586/497/584 587/497/585 766/497/764 765/497/763
f 587/497/585 588/568/586 767/497/765 766/497/764
f 588/568/586 589/568/587 768/497/766 767/497/765
f 590/568/588 769/497/767 768/497/766 589/568/587
f 719/497/717 769/497/767 590/568/588 591/497/589
f 719/497/717 726/497/724 770/497/768 769/497/767
f 768/497/766 769/497/767 770/497/768 771/497/769
f 767/497/765 768/497/766 771/497/769 772/497/770
f 767/497/765 772/497/770 773/497/771 766/497/764
f 765/497/763 766/497/764 773/497/771 774/497/772
f 721/497/719 765/497/763 774/497/772 722/497/720
f 722/497/720 774/497/772 775/497/773 723/497/721
f 773/497/771 776/497/774 775/497/773 774/497/772
f 773/497/771 772/497/770 777/497/775 776/497/774
f 771/497/769 778/497/776 777/497/775 772/497/770
f 770/497/768 779/497/777 778/497/776 771/497/769
f 725/497/723 779/497/777 770/497/768 726/497/724
f 537/509/535 539/509/537 780/509/778 781/509/779
f 536/509/534 537/509/535 781/509/779 782/509/780
f 536/509/534 782/509/780 783/509/781 535/509/533
f 535/509/533 783/509/781 784/509/782 543/509/541
f 543/509/541 784/509/782 785/509/783 542/509/540
f 541/509/539 542/509/540 785/509/783 786/509/784
f 786/509/784 787/509/785 540/509/538 541/509/539
f 539/509/537 540/509/538 787/509/785 780/509/778
f 780/509/778 787/509/785 789/509/787 788/509/786
f 787/509/785 786/509/784 790/509/788 789/509/787
f 823/603/821 832/604/830 825/509/823 824/604/822
f 822/604/820 831/604/829 832/604/830 823/603/821
f 821/509/819 830/605/828 831/604/829 822/604/820
f 829/605/827 830/605/828 821/509/819 820/606/818
f 828/605/826 829/605/827 820/606/818 819/606/817
f 818/606/816 827/605/825 828/605/826 819/606/817
f 826/509/824 827/605/825 818/606/816 817/509/815
f 825/509/823 826/509/824 817/509/815 824/604/822
f 819/606/817 820/606/818 1271/607/1269 1270/607/1268
f 818/606/816 819/606/817 1270/607/1268 1269/606/1267
f 817/509/815 818/606/816 1269/606/1267 1268/604/1266
f 817/509/815 1268/604/1266 1267/608/1265 824/604/822
f 823/603/821 824/604/822 1267/608/1265 1266/608/1264
f 822/604/820 823/603/821 1266/608/1264 1265/608/1263
f 821/509/819 822/604/820 1265/608/1263 1264/509/1262
f 1264/509/1262 1271/607/1269 820/606/818 821/509/819
f 789/509/787 790/509/788 825/509/823 832/604/830
f 789/509/787 832/604/830 831/604/829 788/509/786
f 790/509/788 808/509/806 826/509/824 825/509/823
f 807/605/805 827/605/825 826/509/824 808/509/806
f 806/605/804 828/605/826 827/605/825 807/605/805
f 805/509/803 829/605/827 828/605/826 806/605/804
f 804/509/802 830/605/828 829/605/827 805/509/803
f 788/509/786 831/604/829 830/605/828 804/509/802
f 780/509/778 788/509/786 804/509/802 803/509/801
f 802/509/800 803/509/801 804/509/802 805/509/803
f 806/605/804 844/509/842 802/509/800 805/509/803
f 801/509/799 844/509/842 806/605/804 807/605/805
f 801/509/799 807/605/805 808/509/806 843/509/841
f 786/509/784 843/509/841 808/509/806 790/509/788
f 785/509/783 800/509/798 843/509/841 786/509/784
f 801/509/799 843/509/841 800/509/798 842/509/840
f 799/509/797 844/509/842 801/509/799 842/509/840
f 802/509/800 844/509/842 799/509/797 841/509/839
f 802/509/800 841/509/839 798/509/796 803/509/801
f 780/509/778 803/509/801 798/509/796 781/509/779
f 781/509/779 798/509/796 840/509/838 782/509/780
f 797/509/795 840/509/838 798/509/796 841/509/839
f 797/509/795 841/509/839 799/509/797 839/509/837
f 799/509/797 842/509/840 796/509/794 839/509/837
f 796/509/794 842/509/840 800/509/798 838/509/836
f 784/509/782 838/509/836 800/509/798 785/509/783
f 794/609/792 836/610/834 1125/611/1123 1126/612/1124
f 793/613/791 835/614/833 836/610/834 794/609/792
f 792/613/790 834/615/832 835/614/833 793/613/791
f 792/613/790 809/604/807 810/616/808 834/615/832
f 833/617/831 1291/618/1289 1287/619/1285 834/615/832
f 811/620/809 833/617/831 834/615/832 810/616/808
f 846/621/844 1127/622/1125 1125/611/1123 836/610/834
f 836/610/834 835/614/833 847/623/845 846/621/844
f 846/621/844 1069/624/1067 1146/625/1144 1127/622/1125
f 849/626/847 1069/624/1067 1068/627/1066 850/628/848
f 849/626/847 852/629/850 1129/630/1127 1128/631/1126
f 849/626/847 850/628/848 853/632/851 852/629/850
f 853/632/851 1272/633/1270 1273/634/1271 1237/635/1235
f 852/629/850 1235/636/1233 1263/637/1261 1129/630/1127
f 1074/638/1072 1145/639/1143 1130/640/1128 855/641/853
f 858/642/856 1074/638/1072 1075/643/1073 859/644/857
f 858/642/856 861/645/859 1132/646/1130 1131/647/1129
f 858/642/856 859/644/857 862/648/860 861/645/859
f 861/645/859 864/649/862 1133/650/1131 1132/646/1130
f 861/645/859 862/648/860 865/651/863 864/649/862
f 864/649/862 867/652/865 1134/653/1132 1133/650/1131
f 864/649/862 865/651/863 868/654/866 867/652/865
f 870/655/868 1135/656/1133 1134/653/1132 867/652/865
f 867/652/865 868/654/866 871/657/869 870/655/868
f 873/658/871 1136/659/1134 1135/656/1133 870/655/868
f 870/655/868 871/657/869 874/660/872 873/658/871
f 873/658/871 876/659/874 1137/661/1135 1136/659/1134
f 876/659/874 879/662/877 1138/663/1136 1137/661/1135
f 876/659/874 877/658/875 880/664/878 879/662/877
f 882/665/880 1139/666/1137 1138/663/1136 879/662/877
f 879/662/877 880/664/878 883/667/881 882/665/880
f 884/668/882 885/669/883 792/613/790 793/613/791
f 792/613/790 885/669/883 816/609/814 809/604/807
f 793/613/791 794/609/792 886/670/884 884/668/882
f 837/671/835 887/672/885 1140/673/1138 1126/612/1124
f 812/616/810 888/674/886 833/617/831 811/620/809
f 833/617/831 888/674/886 1293/675/1291 1291/618/1289
f 890/676/888 892/677/890 891/678/889 889/679/887
f 891/678/889 892/677/890 894/680/892 893/681/891
f 1008/682/1006 1009/683/1007 896/684/894 895/685/893
f 896/684/894 1009/683/1007 1010/686/1008 897/687/895
f 897/687/895 1010/686/1008 986/688/984 983/689/981
f 813/608/811 901/690/899 888/674/886 812/616/810
f 888/674/886 901/690/899 1289/691/1287 1293/675/1291
f 890/676/888 902/692/900 903/693/901 892/677/890
f 892/677/890 903/693/901 904/694/902 894/680/892
f 1015/695/1013 1059/696/1057 1058/697/1056 1014/698/1012
f 1013/699/1011 1014/698/1012 1058/697/1056 1057/700/1055
f 1013/699/1011 1057/700/1055 1056/701/1054 1012/702/1010
f 813/608/811 814/703/812 908/704/906 901/690/899
f 901/690/899 908/704/906 1294/705/1292 1289/691/1287
f 902/692/900 909/706/907 910/707/908 903/693/901
f 993/708/991 998/665/996 1204/709/1202 1215/710/1213
f 996/711/994 1207/712/1205 1205/713/1203 997/714/995
f 1011/715/1009 1012/702/1010 1056/701/1054 1055/716/1053
f 936/717/934 1011/715/1009 1055/716/1053 1054/718/1052
f 883/667/881 1300/719/1298 1299/720/1297 1213/721/1211
f 1024/578/1022 1123/722/1121 1100/578/1098 1110/579/1108
f 1212/723/1210 1214/724/1212 932/725/930 919/726/917
f 915/727/913 916/728/914 1141/729/1139 1142/730/1140
f 920/725/918 921/731/919 1143/732/1141 1142/730/1140
f 913/733/911 914/734/912 1143/732/1141 1144/672/1142
f 886/670/884 1140/673/1138 1144/672/1142 922/673/920
f 884/668/882 886/670/884 922/673/920 923/735/921
f 884/668/882 923/735/921 924/736/922 885/669/883
f 815/737/813 816/609/814 885/669/883 924/736/922
f 932/725/930 1214/724/1212 1298/738/1296 1297/739/1295
f 1023/740/1021 1024/578/1022 1110/579/1108 1111/741/1109
f 814/703/812 815/737/813 926/669/924 908/704/906
f 924/736/922 927/742/925 926/669/924 815/737/813
f 924/736/922 923/735/921 928/743/926 927/742/925
f 921/731/919 928/743/926 923/735/921 922/673/920
f 920/725/918 929/744/927 928/743/926 921/731/919
f 1292/742/1290 1295/745/1293 1296/746/1294 930/745/928
f 1290/747/1288 1292/742/1290 930/745/928 931/748/929
f 1290/747/1288 1294/705/1292 908/704/906 926/669/924
f 882/665/880 883/667/881 1213/721/1211 1211/749/1209
f 919/726/917 932/725/930 929/744/927 920/725/918
f 930/745/928 1296/746/1294 1297/739/1295 933/746/931
f 933/746/931 934/750/932 931/748/929 930/745/928
f 909/706/907 931/748/929 934/750/932 910/707/908
f 910/707/908 1203/751/1201 1206/752/1204 903/693/901
f 1022/753/1020 1114/754/1112 1256/755/1254 1219/756/1217
f 993/708/991 1215/710/1213 1218/720/1216 992/757/990
f 791/758/789 889/679/887 891/678/889 935/759/933
f 893/681/891 936/717/934 935/759/933 891/678/889
f 1037/760/1035 1223/761/1221 1222/762/1220 1038/763/1036
f 1036/764/1034 1224/765/1222 1223/761/1221 1037/760/1035
f 625/766/623 1227/767/1225 1097/573/1095 624/573/622
f 1048/768/1046 1086/769/1084 1085/770/1083 1047/771/1045
f 1046/772/1044 1047/771/1045 1085/770/1083 1067/773/1065
f 1045/774/1043 1053/775/1051 1054/718/1052 1046/772/1044
f 853/632/851 850/628/848 1286/776/1284 1272/633/1270
f 940/777/938 941/778/939 943/779/941 942/780/940
f 941/778/939 1084/781/1082 1067/773/1065 944/782/942
f 916/728/914 1210/783/1208 1260/784/1258 1141/729/1139
f 881/785/879 1209/786/1207 1220/787/1218 1021/788/1019
f 866/789/864 869/661/867 1117/790/1115 1118/791/1116
f 944/782/942 948/792/946 943/779/941 941/778/939
f 866/789/864 1118/791/1116 970/791/968 863/793/861
f 845/794/843 1070/795/1068 917/725/915 1119/796/1117
f 837/671/835 1116/797/1114 971/798/969 887/672/885
f 856/799/854 1236/800/1234 1277/801/1275 1288/802/1286
f 942/780/940 943/779/941 1241/803/1239 1239/804/1237
f 952/805/950 1240/806/1238 1242/807/1240 953/808/951
f 795/745/793 845/794/843 1119/796/1117 1115/809/1113
f 1030/810/1028 1031/811/1029 1028/812/1026 1029/813/1027
f 1027/814/1025 1028/812/1026 1031/811/1029 1032/815/1030
f 856/799/854 1288/802/1286 1281/816/1279 1075/643/1073
f 957/817/955 1076/818/1074 1077/819/1075 958/820/956
f 953/808/951 1078/821/1076 1077/819/1075 952/805/950
f 1026/822/1024 1027/814/1025 1032/815/1030 1033/823/1031
f 1026/822/1024 1033/823/1031 1034/824/1032 1025/825/1023
f 1025/825/1023 1034/824/1032 948/792/946 944/782/942
f 862/648/860 859/644/857 1280/826/1278 1274/827/1272
f 957/817/955 958/820/956 964/828/962 963/829/961
f 958/820/956 959/830/957 965/831/963 964/828/962
f 1039/832/1037 1040/833/1038 1041/834/1039 1038/763/1036
f 1041/834/1039 1042/835/1040 1037/760/1035 1038/763/1036
f 1036/764/1034 1037/760/1035 1042/835/1040 1043/836/1041
f 997/714/995 1205/713/1203 1204/709/1202 998/665/996
f 933/746/931 1217/837/1215 1216/838/1214 934/750/932
f 1095/839/1093 1124/840/1122 972/841/970 1109/595/1107
f 903/693/901 1206/752/1204 1208/842/1206 904/694/902
f 1043/836/1041 1044/843/1042 1035/844/1033 1036/764/1034
f 904/694/902 1035/844/1033 1044/843/1042 894/680/892
f 1274/827/1272 1282/845/1280 865/651/863 862/648/860
f 964/828/962 977/846/975 976/847/974 963/829/961
f 964/828/962 965/831/963 978/848/976 977/846/975
f 865/651/863 1282/845/1280 1276/849/1274 868/654/866
f 976/847/974 977/846/975 982/850/980 981/851/979
f 977/846/975 978/848/976 983/689/981 982/850/980
f 871/657/869 868/654/866 1276/849/1274 1275/852/1273
f 981/851/979 982/850/980 985/853/983 984/854/982
f 983/689/981 986/688/984 985/853/983 982/850/980
f 871/657/869 1275/852/1273 1285/855/1283 874/660/872
f 984/854/982 985/853/983 988/856/986 987/857/985
f 985/853/983 986/688/984 989/858/987 988/856/986
f 873/658/871 874/660/872 877/658/875 876/659/874
f 877/658/875 1278/859/1276 1301/860/1299 880/664/878
f 992/757/990 1300/719/1298 1301/860/1299 991/861/989
f 1022/753/1020 1023/740/1021 1111/741/1109 1114/754/1112
f 1019/862/1017 1020/863/1018 1221/864/1219 1222/762/1220
f 992/757/990 991/861/989 994/865/992 993/708/991
f 990/866/988 995/867/993 994/865/992 991/861/989
f 1278/859/1276 1285/855/1283 987/857/985 990/866/988
f 994/865/992 995/867/993 996/711/994 997/714/995
f 997/714/995 998/665/996 993/708/991 994/865/992
f 1021/788/1019 1220/787/1218 1257/594/1255 1113/594/1111
f 973/868/971 1112/869/1110 1109/595/1107 972/841/970
f 896/684/894 897/687/895 906/870/904 905/871/903
f 897/687/895 983/689/981 978/848/976 906/870/904
f 1006/872/1004 1007/873/1005 1004/874/1002 1005/875/1003
f 895/685/893 1004/874/1002 1007/873/1005 1008/682/1006
f 973/868/971 1021/788/1019 1113/594/1111 1112/869/1110
f 710/507/708 760/507/758 999/507/997 711/507/709
f 760/507/758 761/507/759 762/507/760 999/507/997
f 712/507/710 711/507/709 999/507/997 764/507/762
f 763/507/761 764/507/762 999/507/997 762/507/760
f 549/515/547 714/596/712 1000/876/998 548/514/546
f 547/513/545 548/514/546 1000/876/998 718/600/716
f 714/596/712 715/597/713 716/598/714 1000/876/998
f 717/599/715 718/600/716 1000/876/998 716/598/714
f 723/497/721 775/497/773 1001/497/999 724/497/722
f 724/497/722 1001/497/999 779/497/777 725/497/723
f 776/497/774 777/497/775 1001/497/999 775/497/773
f 777/497/775 778/497/776 779/497/777 1001/497/999
f 731/508/729 732/508/730 1002/508/1000 745/508/743
f 745/508/743 1002/508/1000 747/508/745 746/508/744
f 733/508/731 749/508/747 1002/508/1000 732/508/730
f 747/508/745 1002/508/1000 749/508/747 748/508/746
f 783/509/781 1003/509/1001 838/509/836 784/509/782
f 840/509/838 1003/509/1001 783/509/781 782/509/780
f 796/509/794 838/509/836 1003/509/1001 839/509/837
f 797/509/795 839/509/837 1003/509/1001 840/509/838
f 896/684/894 905/871/903 900/877/898 895/685/893
f 895/685/893 900/877/898 899/878/897 1004/874/1002
f 899/878/897 898/879/896 1005/875/1003 1004/874/1002
f 954/880/952 955/881/953 1207/712/1205 996/711/994
f 1016/882/1014 1017/883/1015 1224/765/1222 1225/884/1223
f 1017/883/1015 1018/885/1016 1223/761/1221 1224/765/1222
f 1018/885/1016 1019/862/1017 1222/762/1220 1223/761/1221
f 1038/763/1036 1222/762/1220 1221/864/1219 1039/832/1037
f 953/808/951 949/886/947 1079/887/1077 1078/821/1076
f 949/886/947 947/888/945 1080/889/1078 1079/887/1077
f 946/890/944 1081/891/1079 1080/889/1078 947/888/945
f 945/892/943 1082/893/1080 1081/891/1079 946/890/944
f 939/894/937 1083/895/1081 1082/893/1080 945/892/943
f 954/880/952 996/711/994 989/858/987 950/896/948
f 1008/682/1006 1018/885/1016 1017/883/1015 1009/683/1007
f 1008/682/1006 1007/873/1005 1019/862/1017 1018/885/1016
f 1006/872/1004 1020/863/1018 1019/862/1017 1007/873/1005
f 986/688/984 1010/686/1008 950/896/948 989/858/987
f 906/870/904 978/848/976 965/831/963 967/897/965
f 905/871/903 906/870/904 967/897/965 966/898/964
f 900/877/898 905/871/903 966/898/964 962/899/960
f 899/878/897 900/877/898 962/899/960 961/900/959
f 898/879/896 899/878/897 961/900/959 960/901/958
f 893/681/891 894/680/892 1044/843/1042 968/902/966
f 968/902/966 1044/843/1042 1043/836/1041 974/903/972
f 974/903/972 1043/836/1041 1042/835/1040 975/904/973
f 975/904/973 1042/835/1040 1041/834/1039 979/905/977
f 979/905/977 1041/834/1039 1040/833/1038 980/906/978
f 968/902/966 1011/715/1009 936/717/934 893/681/891
f 968/902/966 974/903/972 1012/702/1010 1011/715/1009
f 974/903/972 975/904/973 1013/699/1011 1012/702/1010
f 979/905/977 1014/698/1012 1013/699/1011 975/904/973
f 980/906/978 1015/695/1013 1014/698/1012 979/905/977
f 1244/907/1242 1246/908/1244 947/888/945 949/886/947
f 946/890/944 947/888/945 1246/908/1244 1248/909/1246
f 946/890/944 1248/909/1246 1250/910/1248 945/892/943
f 1250/910/1248 1252/911/1250 939/894/937 945/892/943
f 1105/912/1103 1255/913/1253 1259/914/1257 1122/915/1120
f 959/830/957 907/916/905 967/897/965 965/831/963
f 911/917/909 966/898/964 967/897/965 907/916/905
f 962/899/960 966/898/964 911/917/909 912/918/910
f 937/919/935 961/900/959 962/899/960 912/918/910
f 960/901/958 961/900/959 937/919/935 938/920/936
f 1049/921/1047 1087/922/1085 1086/769/1084 1048/768/1046
f 1050/923/1048 1088/924/1086 1087/922/1085 1049/921/1047
f 1051/925/1049 1089/926/1087 1088/924/1086 1050/923/1048
f 1045/774/1043 1084/781/1082 1090/927/1088 1052/928/1050
f 847/623/845 1284/929/1282 1283/930/1281 1068/627/1066
f 936/717/934 1054/718/1052 1053/775/1051 935/759/933
f 1046/772/1044 1054/718/1052 1055/716/1053 1047/771/1045
f 1047/771/1045 1055/716/1053 1056/701/1054 1048/768/1046
f 1056/701/1054 1057/700/1055 1049/921/1047 1048/768/1046
f 1049/921/1047 1057/700/1055 1058/697/1056 1050/923/1048
f 1050/923/1048 1058/697/1056 1059/696/1057 1051/925/1049
f 1052/928/1050 1060/931/1058 1053/775/1051 1045/774/1043
f 1060/931/1058 1052/928/1050 1284/929/1282 1279/932/1277
f 834/615/832 1287/619/1285 1279/932/1277 835/614/833
f 791/758/789 935/759/933 1053/775/1051 1060/931/1058
f 1228/933/1226 1231/934/1229 579/555/577 578/554/576
f 619/935/617 1230/936/1228 1229/937/1227 618/938/616
f 622/939/620 623/940/621 1061/941/1059 1062/942/1060
f 621/939/619 622/939/620 1062/942/1060 1063/741/1061
f 645/579/643 1063/741/1061 1062/942/1060 646/943/644
f 646/943/644 1062/942/1060 1061/941/1059 647/944/645
f 579/555/577 1231/934/1229 1072/945/1070 580/558/578
f 584/565/582 1092/946/1090 1226/947/1224 585/566/583
f 606/594/604 607/948/605 1065/601/1063 1066/602/1064
f 607/948/605 608/594/606 1064/602/1062 1065/601/1063
f 643/734/641 1093/949/1091 1101/950/1099 644/727/642
f 642/727/640 649/578/647 1094/722/1092 1091/951/1089
f 1026/822/1024 1086/769/1084 1087/922/1085 1027/814/1025
f 1027/814/1025 1087/922/1085 1088/924/1086 1028/812/1026
f 1101/950/1099 1108/734/1106 645/579/643 644/727/642
f 603/952/601 604/952/602 1098/841/1096 1096/953/1094
f 603/952/601 1096/953/1094 1099/953/1097 602/954/600
f 1088/924/1086 1089/926/1087 1029/813/1027 1028/812/1026
f 1068/627/1066 1283/930/1281 1286/776/1284 850/628/848
f 620/553/618 621/939/619 1063/741/1061 1071/955/1069
f 1071/955/1069 1102/956/1100 1254/957/1252 1230/936/1228
f 581/560/579 580/558/578 1072/945/1070 1066/602/1064
f 1072/945/1070 1231/934/1229 1255/913/1253 1105/912/1103
f 940/777/938 1090/927/1088 1084/781/1082 941/778/939
f 1063/741/1061 1103/958/1101 1102/956/1100 1071/955/1069
f 1030/810/1028 1253/959/1251 1251/960/1249 1031/811/1029
f 860/961/858 863/793/861 970/791/968 969/962/967
f 606/594/604 1107/839/1105 1104/953/1102 605/595/603
f 937/919/935 1082/893/1080 1083/895/1081 938/920/936
f 1081/891/1079 1082/893/1080 937/919/935 912/918/910
f 911/917/909 1080/889/1078 1081/891/1079 912/918/910
f 907/916/905 1079/887/1077 1080/889/1078 911/917/909
f 1078/821/1076 1079/887/1077 907/916/905 959/830/957
f 958/820/956 1077/819/1075 1078/821/1076 959/830/957
f 951/963/949 952/805/950 1077/819/1075 1076/818/1074
f 859/644/857 1075/643/1073 1281/816/1279 1280/826/1278
f 856/799/854 1075/643/1073 1074/638/1072 855/641/853
f 1131/647/1129 1145/639/1143 1074/638/1072 858/642/856
f 925/915/923 1073/964/1071 857/719/855 918/962/916
f 1066/602/1064 1072/945/1070 1105/912/1103 1106/965/1104
f 1031/811/1029 1251/960/1249 1249/966/1247 1032/815/1030
f 1032/815/1030 1249/966/1247 1247/967/1245 1033/823/1031
f 1033/823/1031 1247/967/1245 1245/968/1243 1034/824/1032
f 948/792/946 1034/824/1032 1245/968/1243 1243/969/1241
f 953/808/951 1242/807/1240 1244/907/1242 949/886/947
f 948/792/946 1243/969/1241 1241/803/1239 943/779/941
f 951/963/949 1238/970/1236 1240/806/1238 952/805/950
f 855/641/853 1234/971/1232 1236/800/1234 856/799/854
f 852/629/850 853/632/851 1237/635/1235 1235/636/1233
f 620/553/618 1071/955/1069 1230/936/1228 619/935/617
f 1129/630/1127 1263/637/1261 1232/972/1230 851/973/849
f 872/974/870 1124/840/1122 1117/790/1115 869/661/867
f 642/727/640 1091/951/1089 1093/949/1091 643/734/641
f 1046/772/1044 1067/773/1065 1084/781/1082 1045/774/1043
f 944/782/942 1067/773/1065 1085/770/1083 1025/825/1023
f 1025/825/1023 1085/770/1083 1086/769/1084 1026/822/1024
f 846/621/844 847/623/845 1068/627/1066 1069/624/1067
f 849/626/847 1128/631/1126 1146/625/1144 1069/624/1067
f 645/579/643 1108/734/1106 1103/958/1101 1063/741/1061
f 887/672/885 971/798/969 1123/722/1121 913/733/911
f 623/940/621 624/573/622 1097/573/1095 1061/941/1059
f 585/566/583 1226/947/1224 1228/933/1226 578/554/576
f 608/594/606 1109/595/1107 1112/869/1110 1064/602/1062
f 1097/573/1095 1227/767/1225 1256/755/1254 1114/754/1112
f 1092/946/1090 1113/594/1111 1257/594/1255 1226/947/1224
f 583/563/581 1064/602/1062 1092/946/1090 584/565/582
f 648/508/646 1100/578/1098 1094/722/1092 649/578/647
f 917/725/915 1121/975/1119 1103/958/1101 1108/734/1106
f 1091/951/1089 1116/797/1114 1115/809/1113 1093/949/1091
f 602/954/600 1099/953/1097 1095/839/1093 609/595/607
f 1102/956/1100 1120/723/1118 1258/976/1256 1254/957/1252
f 1105/912/1103 1122/915/1120 925/915/923 1106/965/1104
f 1106/965/1104 1107/839/1105 606/594/604 1066/602/1064
f 918/962/916 969/962/967 1104/953/1102 1107/839/1105
f 604/952/602 605/595/603 1104/953/1102 1098/841/1096
f 1102/956/1100 1103/958/1101 1121/975/1119 1120/723/1118
f 1096/953/1094 1118/791/1116 1117/790/1115 1099/953/1097
f 970/791/968 1118/791/1116 1096/953/1094 1098/841/1096
f 917/725/915 1108/734/1106 1101/950/1099 1119/796/1117
f 1091/951/1089 1094/722/1092 971/798/969 1116/797/1114
f 1093/949/1091 1115/809/1113 1119/796/1117 1101/950/1099
f 1064/602/1062 1112/869/1110 1113/594/1111 1092/946/1090
f 647/944/645 1061/941/1059 1111/741/1109 1110/579/1108
f 625/766/623 618/938/616 1229/937/1227 1227/767/1225
f 647/944/645 1110/579/1108 1100/578/1098 648/508/646
f 609/595/607 1095/839/1093 1109/595/1107 608/594/606
f 1061/941/1059 1097/573/1095 1114/754/1112 1111/741/1109
f 987/857/985 988/856/986 995/867/993 990/866/988
f 956/977/954 955/881/953 1225/884/1223 1035/844/1033
f 1010/686/1008 1016/882/1014 954/880/952 950/896/948
f 1016/882/1014 1225/884/1223 955/881/953 954/880/952
f 955/881/953 956/977/954 1208/842/1206 1207/712/1205
f 989/858/987 996/711/994 995/867/993 988/856/986
f 956/977/954 1035/844/1033 904/694/902 1208/842/1206
f 1120/723/1118 1121/975/1119 848/978/846 851/973/849
f 857/719/855 860/961/858 969/962/967 918/962/916
f 854/979/852 1073/964/1071 925/915/923 1122/915/1120
f 851/973/849 1232/972/1230 1258/976/1256 1120/723/1118
f 854/979/852 1233/980/1231 1262/981/1260 1130/640/1128
f 795/745/793 1115/809/1113 1116/797/1114 837/671/835
f 848/978/846 1121/975/1119 917/725/915 1070/795/1068
f 971/798/969 1094/722/1092 1100/578/1098 1123/722/1121
f 1117/790/1115 1124/840/1122 1095/839/1093 1099/953/1097
f 918/962/916 1107/839/1105 1106/965/1104 925/915/923
f 970/791/968 1098/841/1096 1104/953/1102 969/962/967
f 878/982/876 881/785/879 1021/788/1019 973/868/971
f 875/962/873 878/982/876 973/868/971 972/841/970
f 881/785/879 1139/666/1137 1261/983/1259 1209/786/1207
f 882/665/880 1211/749/1209 1261/983/1259 1139/666/1137
f 915/727/913 1023/740/1021 1022/753/1020 916/728/914
f 872/974/870 875/962/873 972/841/970 1124/840/1122
f 915/727/913 914/734/912 1024/578/1022 1023/740/1021
f 913/733/911 1123/722/1121 1024/578/1022 914/734/912
f 848/978/846 1070/795/1068 1146/625/1144 1128/631/1126
f 855/641/853 1130/640/1128 1262/981/1260 1234/971/1232
f 857/719/855 1073/964/1071 1145/639/1143 1131/647/1129
f 919/726/917 1141/729/1139 1260/784/1258 1212/723/1210
f 887/672/885 913/733/911 1144/672/1142 1140/673/1138
f 921/731/919 922/673/920 1144/672/1142 1143/732/1141
f 914/734/912 915/727/913 1142/730/1140 1143/732/1141
f 919/726/917 920/725/918 1142/730/1140 1141/729/1139
f 1022/753/1020 1219/756/1217 1210/783/1208 916/728/914
f 794/609/792 1126/612/1124 1140/673/1138 886/670/884
f 878/982/876 1138/663/1136 1139/666/1137 881/785/879
f 1137/661/1135 1138/663/1136 878/982/876 875/962/873
f 1136/659/1134 1137/661/1135 875/962/873 872/974/870
f 1135/656/1133 1136/659/1134 872/974/870 869/661/867
f 866/789/864 1134/653/1132 1135/656/1133 869/661/867
f 863/793/861 1133/650/1131 1134/653/1132 866/789/864
f 1132/646/1130 1133/650/1131 863/793/861 860/961/858
f 1131/647/1129 1132/646/1130 860/961/858 857/719/855
f 854/979/852 1130/640/1128 1145/639/1143 1073/964/1071
f 1122/915/1120 1259/914/1257 1233/980/1231 854/979/852
f 848/978/846 1128/631/1126 1129/630/1127 851/973/849
f 845/794/843 1127/622/1125 1146/625/1144 1070/795/1068
f 1125/611/1123 1127/622/1125 845/794/843 795/745/793
f 795/745/793 837/671/835 1126/612/1124 1125/611/1123
f 642/727/640 1147/578/1145 1153/574/1151 649/578/647
f 649/578/647 1153/574/1151 1152/508/1150 648/508/646
f 648/508/646 1152/508/1150 1151/579/1149 647/944/645
f 646/943/644 647/944/645 1151/579/1149 1150/579/1148
f 645/579/643 646/943/644 1150/579/1148 1149/576/1147
f 644/727/642 645/579/643 1149/576/1147 1148/578/1146
f 643/734/641 644/727/642 1148/578/1146 1154/578/1152
f 642/727/640 643/734/641 1154/578/1152 1147/578/1145
f 620/553/618 619/935/617 1162/584/1160 1156/551/1154
f 618/938/616 1155/584/1153 1162/584/1160 619/935/617
f 618/938/616 625/766/623 1161/583/1159 1155/584/1153
f 1160/582/1158 1161/583/1159 625/766/623 624/573/622
f 1159/573/1157 1160/582/1158 624/573/622 623/940/621
f 622/939/620 1158/580/1156 1159/573/1157 623/940/621
f 1157/553/1155 1158/580/1156 622/939/620 621/939/619
f 1156/551/1154 1157/553/1155 621/939/619 620/553/618
f 605/595/603 604/952/602 1170/595/1168 1164/569/1162
f 1169/595/1167 1170/595/1168 604/952/602 603/952/601
f 602/954/600 1163/595/1161 1169/595/1167 603/952/601
f 602/954/600 609/595/607 1168/570/1166 1163/595/1161
f 1167/571/1165 1168/570/1166 609/595/607 608/594/606
f 607/948/605 1166/594/1164 1167/571/1165 608/594/606
f 1165/593/1163 1166/594/1164 607/948/605 606/594/604
f 605/595/603 1164/569/1162 1165/593/1163 606/594/604
f 1183/507/1181 1184/573/1182 1171/573/1169 1172/507/1170
f 1176/573/1174 1185/552/1183 1186/552/1184 1175/573/1173
f 1181/507/1179 1182/507/1180 1184/573/1182 1183/507/1181
f 1173/573/1171 1174/581/1172 1176/573/1174 1175/573/1173
f 1178/551/1176 1179/572/1177 1180/572/1178 1177/572/1175
f 1179/572/1177 1182/507/1180 1181/507/1179 1180/572/1178
f 1172/507/1170 1171/573/1169 1174/581/1172 1173/573/1171
f 1177/572/1175 1186/552/1184 1185/552/1183 1178/551/1176
f 670/507/668 1183/507/1181 1172/507/1170 669/507/667
f 1192/508/1190 1199/508/1197 1200/508/1198 1191/508/1189
f 1187/508/1185 1188/508/1186 1193/508/1191 1194/508/1192
f 1196/508/1194 1197/508/1195 1198/577/1196 1195/508/1193
f 1189/577/1187 1190/508/1188 1200/508/1198 1199/508/1197
f 1193/508/1191 1201/508/1199 1202/508/1200 1194/508/1192
f 1187/508/1185 1196/508/1194 1195/508/1193 1188/508/1186
f 1190/508/1188 1189/577/1187 1198/577/1196 1197/508/1195
f 1192/508/1190 1191/508/1189 1202/508/1200 1201/508/1199
f 655/508/653 656/508/654 1193/508/1191 1188/508/1186
f 1203/751/1201 1204/709/1202 1205/713/1203 1206/752/1204
f 1205/713/1203 1207/712/1205 1208/842/1206 1206/752/1204
f 1211/749/1209 1212/723/1210 1260/784/1258 1261/983/1259
f 1209/786/1207 1210/783/1208 1219/756/1217 1220/787/1218
f 1211/749/1209 1213/721/1211 1214/724/1212 1212/723/1210
f 1215/710/1213 1216/838/1214 1217/837/1215 1218/720/1216
f 1204/709/1202 1203/751/1201 1216/838/1214 1215/710/1213
f 1213/721/1211 1299/720/1297 1298/738/1296 1214/724/1212
f 1256/755/1254 1257/594/1255 1220/787/1218 1219/756/1217
f 1230/936/1228 1231/934/1229 1228/933/1226 1229/937/1227
f 1226/947/1224 1227/767/1225 1229/937/1227 1228/933/1226
f 1250/910/1248 1251/960/1249 1253/959/1251 1252/911/1250
f 1248/909/1246 1249/966/1247 1251/960/1249 1250/910/1248
f 1246/908/1244 1247/967/1245 1249/966/1247 1248/909/1246
f 1244/907/1242 1245/968/1243 1247/967/1245 1246/908/1244
f 1242/807/1240 1243/969/1241 1245/968/1243 1244/907/1242
f 1240/806/1238 1241/803/1239 1243/969/1241 1242/807/1240
f 1239/804/1237 1241/803/1239 1240/806/1238 1238/970/1236
f 1273/634/1271 1277/801/1275 1236/800/1234 1237/635/1235
f 1235/636/1233 1237/635/1235 1236/800/1234 1234/971/1232
f 1234/971/1232 1262/981/1260 1263/637/1261 1235/636/1233
f 1230/936/1228 1254/957/1252 1255/913/1253 1231/934/1229
f 1254/957/1252 1258/976/1256 1259/914/1257 1255/913/1253
f 1226/947/1224 1257/594/1255 1256/755/1254 1227/767/1225
f 1232/972/1230 1233/980/1231 1259/914/1257 1258/976/1256
f 1209/786/1207 1261/983/1259 1260/784/1258 1210/783/1208
f 1233/980/1231 1232/972/1230 1263/637/1261 1262/981/1260
f 910/707/908 934/750/932 1216/838/1214 1203/751/1201
f 816/609/814 1271/607/1269 1264/509/1262 809/604/807
f 1264/509/1262 1265/608/1263 810/616/808 809/604/807
f 810/616/808 1265/608/1263 1266/608/1264 811/620/809
f 1266/608/1264 1267/608/1265 812/616/810 811/620/809
f 1267/608/1265 1268/604/1266 813/608/811 812/616/810
f 1268/604/1266 1269/606/1267 814/703/812 813/608/811
f 1269/606/1267 1270/607/1268 815/737/813 814/703/812
f 815/737/813 1270/607/1268 1271/607/1269 816/609/814
f 880/664/878 1301/860/1299 1300/719/1298 883/667/881
f 951/963/949 1288/802/1286 1277/801/1275 1238/970/1236
f 940/777/938 1286/776/1284 1283/930/1281 1090/927/1088
f 1076/818/1074 1281/816/1279 1288/802/1286 951/963/949
f 1052/928/1050 1090/927/1088 1283/930/1281 1284/929/1282
f 963/829/961 1274/827/1272 1280/826/1278 957/817/955
f 835/614/833 1279/932/1277 1284/929/1282 847/623/845
f 981/851/979 1276/849/1274 1282/845/1280 976/847/974
f 1238/970/1236 1277/801/1275 1273/634/1271 1239/804/1237
f 957/817/955 1280/826/1278 1281/816/1279 1076/818/1074
f 987/857/985 1285/855/1283 1275/852/1273 984/854/982
f 874/660/872 1285/855/1283 1278/859/1276 877/658/875
f 1279/932/1277 1287/619/1285 791/758/789 1060/931/1058
f 942/780/940 1239/804/1237 1273/634/1271 1272/633/1270
f 963/829/961 976/847/974 1282/845/1280 1274/827/1272
f 942/780/940 1272/633/1270 1286/776/1284 940/777/938
f 981/851/979 984/854/982 1275/852/1273 1276/849/1274
f 890/676/888 1293/675/1291 1289/691/1287 902/692/900
f 902/692/900 1289/691/1287 1294/705/1292 909/706/907
f 926/669/924 927/742/925 1292/742/1290 1290/747/1288
f 931/748/929 909/706/907 1294/705/1292 1290/747/1288
f 791/758/789 1287/619/1285 1291/618/1289 889/679/887
f 928/743/926 1295/745/1293 1292/742/1290 927/742/925
f 889/679/887 1291/618/1289 1293/675/1291 890/676/888
f 992/757/990 1218/720/1216 1299/720/1297 1300/719/1298
f 1217/837/1215 1298/738/1296 1299/720/1297 1218/720/1216
f 933/746/931 1297/739/1295 1298/738/1296 1217/837/1215
f 929/744/927 932/725/930 1297/739/1295 1296/746/1294
f 928/743/926 929/744/927 1296/746/1294 1295/745/1293
f 990/866/988 991/861/989 1301/860/1299 1278/859/1276
f 679/567/677 680/557/678 626/544/624 627/548/625
f 1035/844/1033 1225/884/1223 1224/765/1222 1036/764/1034
f 1010/686/1008 1009/683/1007 1017/883/1015 1016/882/1014
f 39/232/39 177/231/177 1005/875/1003 898/879/896
f 39/232/39 898/879/896 960/901/958 201/244/201
f 201/244/201 960/901/958 938/920/936 202/239/202
f 938/920/936 1083/895/1081 195/240/195 202/239/202
f 19/84/19 195/240/195 1083/895/1081 939/894/937
f 19/84/19 939/894/937 1252/911/1250 183/85/183
f 183/85/183 1252/911/1250 1253/959/1251 184/243/184
f 184/243/184 1253/959/1251 1030/810/1028 475/286/473
f 239/88/239 475/286/473 1030/810/1028 1029/813/1027
f 26/89/26 239/88/239 1029/813/1027 1089/926/1087
f 26/89/26 1089/926/1087 1051/925/1049 473/225/471
f 171/252/171 473/225/471 1051/925/1049 1059/696/1057
f 171/252/171 1059/696/1057 1015/695/1013 236/253/236
f 229/249/229 236/253/236 1015/695/1013 980/906/978
f 980/906/978 1040/833/1038 230/250/230 229/249/229
f 40/130/40 230/250/230 1040/833/1038 1039/832/1037
f 40/130/40 1039/832/1037 1221/864/1219 159/131/159
f 159/131/159 1221/864/1219 1020/863/1018 160/285/160
f 160/285/160 1020/863/1018 1006/872/1004 221/287/221
f 177/231/177 221/287/221 1006/872/1004 1005/875/1003
l 318 324
l 289 292
